-- phpMyAdmin SQL Dump
-- version 5.2.1
-- https://www.phpmyadmin.net/
--
-- Host: 127.0.0.1
-- Generation Time: Feb 19, 2024 at 11:12 PM
-- Server version: 10.4.32-MariaDB
-- PHP Version: 8.1.25

SET SQL_MODE = "NO_AUTO_VALUE_ON_ZERO";
START TRANSACTION;
SET time_zone = "+00:00";


/*!40101 SET @OLD_CHARACTER_SET_CLIENT=@@CHARACTER_SET_CLIENT */;
/*!40101 SET @OLD_CHARACTER_SET_RESULTS=@@CHARACTER_SET_RESULTS */;
/*!40101 SET @OLD_COLLATION_CONNECTION=@@COLLATION_CONNECTION */;
/*!40101 SET NAMES utf8mb4 */;

--
-- Database: `megashop`
--

-- --------------------------------------------------------

--
-- Table structure for table `articles`
--

CREATE TABLE `articles` (
  `id` bigint(20) UNSIGNED NOT NULL,
  `title` varchar(255) NOT NULL,
  `slug` varchar(255) NOT NULL,
  `user_id` bigint(20) UNSIGNED NOT NULL,
  `primary_image` varchar(255) NOT NULL,
  `text` text NOT NULL,
  `status` int(11) NOT NULL DEFAULT 1,
  `is_active` tinyint(1) NOT NULL DEFAULT 1,
  `created_at` timestamp NULL DEFAULT NULL,
  `updated_at` timestamp NULL DEFAULT NULL
) ENGINE=InnoDB DEFAULT CHARSET=utf8mb4 COLLATE=utf8mb4_unicode_ci;

--
-- Dumping data for table `articles`
--

INSERT INTO `articles` (`id`, `title`, `slug`, `user_id`, `primary_image`, `text`, `status`, `is_active`, `created_at`, `updated_at`) VALUES
(1, 'کاراکتر زن یا مرد؛ انتخاب ما توی بازی‌های نقش‌آفرینی چیه؟', 'کاراکتر-زن-یا-مرد-انتخاب-ما-توی-بازی-های-نقش-آفرینی-چیه', 41, '2024_2_9_14_26_14_815485_10004_cyber_header_2.jpg', '<h2>تا حالا شده که موقع شروع یک بازی نقش‌آفرینی این تردید رو داشته باشید که جنسیت کاراکترتون چی باشه؟ تردید از اینکه دوست دارید کاراکتری با جنسیت خودتون بردارید و یک جورایی خودتون رو در بازی تصور کنید یا اینکه می‌خواید توی دنیای بازی یک تجربه و دیدگاه کاملا متفاوت به اتفاقات داشته باشید. انتخاب جنسیت یک کاراکتر از ارکان مهم یک بازی نقش‌آفرینی محسوب میشه و این انتخاب‌ بین گیمرها همیشه محل بحث بوده. حالا از اعضای تحریریه <a href=\"https://vigiato.net/\">ویجیاتو </a>پرسیدیم که ببینیم نظرشون در این باره چیه.</h2>', 1, 1, '2024-02-09 10:56:14', '2024-02-09 10:56:14'),
(2, 'طناب، چوب و دنیایی که بالاخره قدر می‌بیند', 'طناب-چوب-و-دنیایی-که-بالاخره-قدر-می-بیند', 41, '2024_2_9_20_21_26_169872_codm_2021-05-27_01_37_44.jpg', '<p><strong>۱- </strong>آثاری که تبدیل به فرنچایز می‌شوند، همواره راه و روش‌های متفاوتی برای خوانش و مطالعه‌ی دوباره پیش‌روی مخاطب قرار می‌دهند. مثلا این انتخاب شماست که شش فیلم افسانه‌ای جورج لوکاس در دنیای «جنگ ستارگان» را به ترتیب انتشار ببینید و یا مسیر قصه را پیش بگیرید. خیلی‌ها معتقدند با تجربه‌ی ابتدایی «یاکوزا ۰»، درک بهتری نسبت به فرنچایز خواهید داشت؛ اما در سمت دیگر بسیاری دوست دارند تا کار را با «کیوامی» و همان ترتیب عرضه شروع کنند. یا چه کسی می‌تواند بگوید تماشای ابتدایی «هابیت» و سپس حماسه‌ی «ارباب حلقه‌ها» ترتیب جذاب‌تری است، یا شروع مسیر با یاران حلقه و در ادامه شنیدن قصه‌ای قدیمی‌تر از این جهان غنی. این مورد درباره ساخته جدید «هیدئو کوجیما» هم صدق می‌کند. آقای کارگردان یک مقدمه‌ی نسبتا طولانی و نه‌چندان عامه‌پسند ساخت و حالا در ادامه‌ی آن با پسوند On The Beach، محتواهایی را پیش‌روی مخاطب می‌گذارد که خیل عظیم‌تری را درگیر نمایش‌های استادانه‌ی بازی می‌کند. در واقع اگر شما از تجربه‌ی اولین «دث استرندینگ» دل خوشی ندارید، احتمال این‌که با نمایش‌ها و در ادامه تجربه بازی دوم به سراغ آن بروید، بیش از پیش خواهد بود.</p><p>njnjnjn</p><p>https://dkstatics-public.digikala.com/digikala-products/0d2a9bf655bb1b85c29274d80035ca7f12cc037f_1707078838.jpg?x-oss-process=image/resize,m_lfit,h_800,w_800/quality,q_90</p>', 1, 1, '2024-02-09 16:51:26', '2024-02-11 10:53:41');
INSERT INTO `articles` (`id`, `title`, `slug`, `user_id`, `primary_image`, `text`, `status`, `is_active`, `created_at`, `updated_at`) VALUES
(3, 'بررسی بازی Suicide Squad: Kill the Justice League', 'بررسی-بازی-Suicide-Squad-Kill-the-Justice-League', 41, '2024_2_11_16_50_57_758305_img_20240209_221923_327-300x169.jpg', '<p><p style=\"font-family: iranyekan, sans-serif; margin-left: ۲۵px;\">بتمن همیشه قهرمان خیالی محبوب من بوده و وقتی که کوچکتر بودم و وقت بیشتری داشتم، بخش زیادی از زمانم را پای خواندن کامیک‌های مختلفش می‌گذاشتم. این بتمن بود که باعث شد کم کم با دنیای دی‌سی آشنا شوم و آن را در مدیوم‌های مختلف دنبال کنم و حتی با گروهی مثل <b><u>Suicide Squad</u></b> آشنا شوم.</p><div id=\"digiad-ca۳۶b۵۷۱b۳ca۵۲d۷f۵۱۱۴cf۳۱۶۳۸۵ff۲\" class=\"digiad\" style=\"font-family: iranyekan, sans-serif; margin-left: ۲۵px;\"></div><p style=\"font-family: iranyekan, sans-serif; margin-left: ۲۵px;\">بتمنی که اوج خوش‌گذرانی‌ من با او چرخ زدن در خیابان‌های بارانی گاتهام در سری آرکام نایت و راندن بت‌موبیل در هوای مسموم شده توسط مترسک بود. حالا بعد ۹ سال، اثری منتشر شده که نه‌ تنها ادامه‌دهنده بازی محبوب من در سه‌گانه بتمن است، بلکه تیم جذاب و بامزه‌ای چون سویساید اسکواد را در کنار باقی ابرقهرمان‌های دی‌سی وارد داستان می‌کند. راستش را بخواهید، از وقتی فهمیدم که سویساید اسکواد قرار است تا یک بازی صرفا سرگرم‌کننده باشد که باید با دوستانتان بازی کنید، گارد نگرفتم و حتی بدم هم نیامد. چه کسی‌ست که دلش نخواهد در کنار دوستانش و در نقش شرورهای جهان دی‌سی قرار بگیرد و متروپلیس را به همراه ابرقهرمان‌هایی شرور به یک میدان نبرد واقعی تبدیل کند؟</p><p style=\"font-family: iranyekan, sans-serif; margin-left: ۲۵px;\">اما همه‌ی این‌ها جایی درست بود که اولا استودیویی که قرار است این کار را کند سواد و تجربه درست و حسابی ساخت یک بازی سرویس‌محور را داشته باشد و از طرفی، میراثی که طی چند سال گذشته با بازی‌های قبلیش ایجاد کرده را نابود نکند. اما آیا این بازی واقعا آن چیزی‌ست که این ۹ سال قصد دیدنش را داشتم؟ با بررسی این بازی همراه&nbsp;<a href=\"https://vigiato.net/\" target=\"_blank\" rel=\"noreferrer noopener\" style=\"color: rgb(۲۲۷, ۳۰, ۴۶); transition: all ۱۰۰ms ease-in-out ۰s;\">ویجیاتو</a>&nbsp;باشید.</p> <img src=\"data:image/jpeg;base64,/9j/4AAQSkZJRgABAQEAeAB4AAD/2wBDAAYEBAUEBAYFBQUGBgYHCQ4JCQgICRINDQoOFRIWFhUSFBQXGiEcFxgfGRQUHScdHyIjJSUlFhwpLCgkKyEkJST/2wBDAQYGBgkICREJCREkGBQYJCQkJCQkJCQkJCQkJCQkJCQkJCQkJCQkJCQkJCQkJCQkJCQkJCQkJCQkJCQkJCQkJCT/wgARCACpASwDASIAAhEBAxEB/8QAHAAAAgMBAQEBAAAAAAAAAAAABQYCAwQHAQAI/8QAGQEAAwEBAQAAAAAAAAAAAAAAAAECAwQF/9oADAMBAAIQAxAAAAHqMvoBMYQ5UAqWeEdJM0aXHLHUbsvlrJZNSrDlzkRUXXXAN2DDDfuW1YB1j9mRLBIiKf32F1lTnRZ7enZvQ7ujodzA3X5HBnrQj4iY/NzjHs/QN3Mum7c1V3KSBDKJEbcuiArDmjpI+GvnDBfg29Pmkto0kqz06ZhVO2IJt1HPtZ7Egxt22fIS18uQ7cF1VZBPcgml1r9vvV0LD1mzZ867sO5+JOlCIxpT540wjfN1Gm+8Fbi/ZOGgwsfOieWrxqVOhzusG7s9ZWEQwTfi6SVCHVVM5RH76MDNZ+UPynUfMYZq21dtiwFybpz5nK6UNK8ycmoZYbcyA+1LqYEs4PntoCgc81t6ryp7c9Z8Br7ipKal6e3CEeM71RT9YRcnU5JZC+dp2rjq4uOht6rYpFufUlYV7iG+r+zWnro2L48Q2HlI50VF6nuyHO2/Q7S8hE11aB5dBBefgs7ft+WvKgzkAledJT/CXhvTDNQgQ9VH0vF6sTz9AgotaaYZ25OO6edvfUTYS6MY7aJeQnDk7fks5hGTdHMLeDs1lYc5gUGx758U2XQxeH7s1MLDGra26V8/6TwwRx7RvDaL0pQ6dOiuv5UDXlZswu5aM9Yg/pAKTJ9qvRLrZy6cfJ163D4lELEukWh7tYnyHqnN21kjjqln/AhpzrstgK1PeU0rw2FeCxGiGrvCYEqtZ7MZ3npXjh2C/MajYnm+RWYyFevMot9qV6NnubTModU2yb1fClJGDRfZUb2xLYJTlG5X1k0oCx5Pg/V6qxfaMaoqP8uDcP0uSsS1U5s9a1whbbAb9VfdHlW0j0M5vVJ+RoR5a7r6ijfbEijNvyuTQcsu93OUa1ov5/Uo+FBNwR8G3Jwdk8nzs4nlhvVngq0wZTZZvFgxse4F46RXY1MANGdVTiNDxedO50zaAjRi97Qmwq7H0arLemOXk8xXmHYkCdFO3IUTjgJ3VniDaI7QzbaqufXFXEE5zmBO5UXDeb6jBHTUHWkfaQB0FIi8HYhfN9wPysQgDnVyoUHavOS5Q7Pz0LqAP9fsDE1LDHtUZm1POOkpkGPHbnTFLNc7lf30QcyFa2tgXSCTpzzi592ZTqY1+Qj2zNr3mnRsAkdXTHuALyFrYVzNbPLWkTlLx6DH6VuMZBoaNoytIrEVpZoH0VQugoRunBGpr43PU7jGVXBOvJCVSXEb2SFNirSpu35AzRsgjP7941L3zcnXOmehRC75qjy6AQ998Dz331EJSvp0favmZL4yg02+aYNX2fPN7Rpgc4qvmNCLwlkQ/8QALRAAAgICAgECBQQDAAMAAAAAAgMBBAAFERITFCEGEBUjMiIxMzQlQUIkMDX/2gAIAQEAAQUC4+d66NNd/YWtg+vojfjNLeo5qtz55sUgedaidc64fdnLMe0BxARnTHlKVZE4T4XcjJmBw3ewhLCEesTluPKEzKTTZ+0tvMRLHnNVR4x1ADIJRlvbksU78pxDgsL+fPEXrB3rpx4yrbKxVeizzm9UCyRMNSXtiJ95/bYeSHLnsAhkRm3Losgz3y8/pt4nG/uWK48fOMdBSE8ZsBiDlnXAssLPV19XW80W63kOizXDfbO3QSky0kN+FbZeo5xbls+WztyQfT0VKUUq7Bra9bLO6Fp3CB81dWz/AMBxnE1/f5Mj3kuuBPaM+Jy6V17ryJVa8qbFj1m78kqmXdya3qFc+yG8ysXkBLb3G4uc8ZHGporrhtrAP2Ne9d1sVWGxJ345s8WM2OnhGfCFUyblWHRT1O78Dbncblq1zRnZ9kUINLPUgZW0wqkj7S+85WnmcLIjOI+XxN/Eiz0xV0gXV/VPHefCPSz+jKDwNXOXqfqBqMIT2DRiNPX62t9JTY1tCkcb+6Oa6g23DYVTWWyDKfXY20IXWVm+5hb28x6jyV6j+yG05blWuWLn6lfvs6yl8NAWRzW/PJjIznIzd/eUXsQFPSnBeNbgGO0ZYSFkLHmovo7ALgxGNYv1LawuzXlza+KIjwU7bZrA1B4/4gbMv2zWwVkin4SjlXy3L1WNe3+QSkci8Qqp7QxNbY9Mog8bEdliIVwq3Zh9Uo+U5GWr9epjfiKuI2LMK1SlerGuscG/WbUTerNqt+JBqvp7pNnLdVVxNlDte/W7AbY3CgdqtqpuLsLoUn2m3Wp09mvloSA+2TPOVqjLE0mzq4p3Idm2ZtU3LIx4aqVPW6hIw5BhA8jM7HyRrmL9LauDXFZA8RqKnEJFAjPtmz3EKy1dMrJumcXE3NfTUXn2GvAkBaXW1/rjBYnIklzSzVeuGH113kuqO175uW/Id25LF6m3eO7Aa57WrS2jTBw7SoNK1lS2VUqdinaWq0sHr2CiHYu61IVKVV2mQGENyxxzA8lTuwAXUAQ6x+BxORziCmc2TpBNmgQDZj7maO5CXmwFuRdGVbV3cy/KP3onC81t6SXd2ExKmL2iL1RlQtK2rPyuUFuVXR6mWfrLeqrpaqqxpv0bQVrNcR4it2zxpDNq77iLnIVBSvPAJ4dTsLAkHqniaxeVVN41z6nA1tj5MTm1s+Gzs9idhri7Gqv5I/49SBRNtIgyZmWBPH+1nxGlvyrL1zyBSsEp+3IycUkOVviMYrKfstobGHSG1YS6ts2do1+t+xuBluO2CKAP39hmCxpw2sTV9iCUtkoU3rg2YgbNiWFGU28FsETGajayg1pUM9+M+JFcg45wSyr1gSTI4xXGQPvCO2SETnXgojKzZgu0lH4zd7FUKfciLtpVnVrWk+pba19eIoIXs9gU9h3m5+5MyciExkuKZhj5htNNmIoOHDW8Iq6lXWxrCWbQlR0Q8rIpg+tURMXxPO2XYB1S+jh5BI4pkdF2APJgomFDwER1bQnxtjgh94r0DOkts9ROCywXSrNRjcrU0VQPbKPBsespqr2rxpVUoo3O3ZXCIkpBUYfsfUF4uQEq7HmMnEZQX6h1dnkOz9vNjPaxQKF4O4FTCtIfbU/yYxvjHzdl3efIc4OfqXNZsHP2RweOV7ZYRYYLGJic0/BUlU5YKqfiO9fTjtiRYo3MXVoVOteoHKws1Aeta4uPOw5IxkRni7zMDzGQxTIsN7VqA+KrX4ErN1QIaPEtjpGn9NypNFjf64K/Vllq4G82MdweEqYyDyIwGTKyawspUGX8aHjLXUvUSuvGnc++Csds2OL07TxNZa8YRSNdflbQlKQtMX0uMXWpM9yrrnr0xi5iCY8MuJjmq8lzMuawQ6KuWIrjMsawA9TjF+QKsiLqJ+h2tu0AY3ZwU2rpPhrI57ZGGqJz9sE5jJZPKCdLb9JVtadj5E2doMriqjZGhQAdkuxjExPETmnVzbn7To562UiaAUEzAiIj0x3U5FAnH740fDNRk2Xsb0zYEZnXd2VXmKzRYLBr8rb4PqJbMDqRZsdy9sZ+WBPtzjIyrr2vwNVTCC2SqwOtNsk6k9AGI5WMgNVdL1FzLI/IQzRRHq9wcg/Wl5q9t4kpsSOS7pi/UWWWBiMj2xhxllnOa79A9u5Xlj1pImZtu7lT7AdxPgauy5M3NjZuTZ6vKUc5NfnPTzxT1Vi4KtJcaJadcUa9UH67XV5vOs0/RW292wLWRW8GVERNu/J65ktIihp8hYkS0xQu5sRlo/Dr49B44zcV1rf5T8kOtsHX0FX8HTgyHnxn5srj0Cfs12zyVAwinlUuZvWIO1MzM4WWa3qNNrKFmvsGNrLXG513n+q6/wA+3vo9Jp1SjUfDlZsXzfryn/F5xq5zxarAXrFl8RXlWrPyBnGal/DLoyq1pP0Exyq63337UiDq6ohTYstWMFYns4+cqDyUj+i83nP0Fht5CIyvyB84NC0YihpO8Rk2hcuKFO2mxm2tXGp9A+I+lXM1Etq3blq4xMbsejtZfaxVdj2HqboCuo9qdYthPsTO0s2EsqkOstmL6za0/D1jxN3YjZrV3EJpUe2fECrNvrvKb2fba0gz0JnhlzlRf2ll412D4A2zMZxiUdiQUKsMFVsvA76qpf8An0oj1vYq2iLZ2iE0x4tq9tXYMRH1R6OkamxAXQrqc2opnk0j3WLvgj0mhXBo1VQw1m3qEWu2fatrncs0Gojs5a+pWV+E9UfNG3bWiFSy6xgshrC7GMScAPclcQprssH5DLj5dc17V02Ms8Wz3Nd5M3Zlb+s1fKnddXUtx6dNnbIYktuMgW4qsZG6KbpbOkWVbzadn64qDr7h6rCN6rFbf0rT3YwDN2yEhumEiN2vxXtqVtSHTVTStkbNtxJU7XgpPns1ps48lgB7854G28qDHIl1xKTsTYRFcxSTJJPiM46Z/wBRnGe+CBHPpp5KowcIOM6znE57/Lmc98984nOs51LOpRnE8sRK8SmMYrtmtZ1bYaBbCECOWWiUg3nPtQbDlxU5UquH4z/Fqv5bH92n+bf7VjJ/KP3/ANZV/k/3/wCqPlPyZlP+Uf6dL+4P91n9naf2h/8Ao/7pfl/1/8QAJREAAgICAgICAQUAAAAAAAAAAAECEQMQEiExQSAiMAQTQlFh/9oACAEDAQE/ARK+iOLGumZcDivrpfgwy9H7SkNibsxLG400ZYcJUURik1QmrJKu9LfIST0l0QlRHpmbPxj0R7EY69kpcnZ6IyIzMsvrpfCD1GVdFHJnHkqEuiqHLqtYFbJfp7VoacCXekMSKOPWkR6JVVlmHC8ng4klWsGYjJUZ3FKx/Gy9xP8ACjG3F3Eyy+zkhkI/2NK+jHkn4Gjjbpja9CH1qtIhG3RDyOlpzrwU/wCQhyFK1RBeybrd18VG0RxV9iS4+BE/BBKk0ZI9lFWRPCGRRGqpjWq0nH2PJ6RcaOaqiMh9xIS6OS1ZBaZD8cXQiML8jtDiR+CLRaEy0X2WhMTRaGxRbOVF27+C3XyW0h9F7//EACcRAAICAQQBAwQDAAAAAAAAAAECABEDEBIhMSAEIkETQlFhMDKx/9oACAECAQE/AZ1yYcrnqJlDn3+NcRReoE9M/wBsPpgeoTZn0wZbQHQmc+S9cxUHele2YmA4MQbWqZc1+xYT8aH9QabZVRO/CtEaFIjFOGj4/uXqWQJix7o4o6V4EXAK1Aly5um4wk7Zhcpz8TJsCbgIXJjOB3CR8QG9GTbpVzvX41rRPwZiUVUT+tTLtQEiH3QLxBorfmZEVV3aHIyKSvcRXA95vQjx3beYjD5jeqAFKIQz8mJjh2jgaupBuOxPERdxh8ya7he+JjU5JiwqO5k4W4T4ZKrnQGoTMqvuDJEJrmXLlzmBZzMR2tcTOgjsHxkrGHOtTK2p/grXC5U1DGaoOZcY34Y2oTcv5+Z9Rf8AYjVdmB1vkxm91wOt8xWUDkxWUAfqb15hcbgYTAulaCHvw2TbNs2zbAomwRlry//EAD0QAAEEAAMGAwUHAQgDAQAAAAEAAgMREiExBBATIkFRMmFxI0KBkaEUIDNSYnKxBTA0Y3OCwdHwFVOS8f/aAAgBAQAGPwLferugVNJXtNown5riwP4zew1QhmFO7rG7EjT7Yem8BZDe5/y3wx3lIHbs1y6qvmVQ3ODfj5o5IZ5q1hiHq7oF7RvE/cuFyYuzRouLA8lvVqbwmAF3vO0Rc/CQOlISM0P3LKwA5anyCMbHOb+xBsjuIzz1QvlNdVHtkXLJfNXVMeNHC9x3RPANfchb+aUK92wN9fuDdhaVSxhXipDBmdFGNokDXHp1JTnwP+KeGwYjXvIyYMDD0PVEjIWiDqE+EnJwxfHdyuB3P2SA+3I6p8g5uIc3HquIcvJcXXPlsoFuMNDRmE4Sy8eGra86g9lCD2WQ5fuaEqxuiPZ1ppDaRd1CieG4REF3CuqRKYe4Tg3WlRNEK0cSwH5BYpT7XsfdU+Ky5hwtCj2ZkYxS84BQftETY39RdrDSMbxbXCkXRmRxGtqTaiOQDCD3O6WLa2SNmHhLsrX2ba38h8Dz08ltG0udTfAyj9UWtGTKaE5ngvJO4dnqHDOk2DbG+IWHjLNcJhLsbsk1nYbj9y9zVRKyKx93AKlhRY7JCIHmZuxsyk/lYHX5hXopeM3nYGlvxQGQa1t35r/yUpxvf0OlqJsZDXEZvAzA7IOeJBH3xZlYY20PPc8NhJcMi+8qQiiYGsboBuid+otVdQmNxElqb6myrYWn9KsMDSNelpgDC1rDn6LjMHJGKamuvMqvv4m5gb2v6ByaD1Gu4tOXYr8rhoe6z5ZBqN20CSmcINojra2mI8xZH179FA7/ANmyi/gmH3ge6dA0+E40OLqFUXKwaLndumk9BvfgdzNIdRTvVZLCMjaHMsTyGh3dSCBoLvNGNzrvxEdVlkAnSvBNprhnf3Od2fZcgvoji1OX1Xs/EM67q3mgEY4h4O3RRl1aJ0FNeG6EKnsMXqsJz7EdF1DhmHBYTlKOndY8DpGtYC4NTXMpw2hrufrl0UM8v4jGujDe+axOtz3dEZ8TW1nhOq8um+mrA3iOJ1AyCo2L80Rsxe6MixQRRxDMnVG2Zfnarqx3CtDG7RNe0jmXdx6KxRBVOjb8FhZdbrJWCI5rE515UqvK02NgtwBHwH/6snOFGkzaBI5pd0U8DW8zs8SAaelK0AHG/wBIsoOMcrx+pYJG0f4XXLwuC4hk5g3DdBMLZLc3w5d1xNskcG9zr8lDFsxDXEU4nMjzUTWtfcD8LyeoPVP2OaO2MJxOd9K+CdHHKJWdCN11YWPkB7nouTaGlvelfEajhOZyCbWRGqLgVkeG/v3RY5mF/ksKELo2ObfVCSMuA6tKET/9J3CkWmrCws8XZcSV9Od0TvLcGSaOOSLxeR1pNE+J2HwgNOSAG6l2QYBiWTCHDqjHKBjC582nQrBga2fueu6bCOeQaoOLS5s8eGS+jgm7PO4iP1TY4Yy2tb6oAN1RkboNbWN/h7LJoACovCaxujdfVYHjEE6pTR6OCsStWbmOrQqQSCjh3GM9RS4M45b17JskLg6h/wDQVcJ2Ls3NXhw2hegVg8vRZIm/gq0LVb8V9aXIHYv3Kyse8tNAHqsLQEDog4m2kZLG00V7dpdKO3vLFBhhiaUQ6I04kmjQJTn8uQvJAP8AG00onuGdJsAvhjUD3lgyvsFhjAYPmsUk8mL1TgRieczSorXcQ9zUR0CtBCUdU2GSy1xoeSxNYAe+4TDqsPZZo2LtXu0VqnIjfVoeShfWXQqiqGdJ3FybIVDs55IWcxPdcSO2tu6uwU90lcGM4nH83ktcDeydBAcxq5WTZVrxuTXcSOGPpWqxRPum2SRWatpQHLZyTRPbnPHyRaIy5vcIszHqg1GHrWRUbHCiJM98sb9Ky9U4N0G7tSw5rSx3RdluxYd79qacmOohdlVpsDunMCrY3Xr2XHkc2ZzM8PRAEinDIpzGyU5mpR2ZryWXzvPQdlbACdaUsbXc73V6b9VUge0pwnaXEaBcOmQQO7ogOB8x1TpzmG5NRB90rGNFiohSFYsz5KPa4WOa6+dp/lHDasog9c7T3Udd1K1kc+xVPab0WIlPa6yCcqTnNFWtFLC46u/kLR+LqToFi6dymirLBSq1Wje5VT7ewHyBKcNilc4ObT3EIRwMpgPzRADnvazE515IyPNk7+mXdePD5aoj32aHuFxtoke51+ALiMh4dcvqgnDqUWyHxZZarUnOlQyWHagKPUqoHMcR7o6rFL8GriTeB2jeyrAMPmuUjdeqorJFhyOoKpznFODHNGEXR1KqiCO6hj8OM+IqQOcHRvbkUSBfXNZIOl5GnS1jAv1WaDBqVKXXbcq8lULw52RDSpmg3IW0c9L3aLS/ReF19lhbJkFxI9QnOjiD8QrMXSa2WSydR2QF6q3Z/wC6Mshu9EWjKjadJeYdWHsEyxYTmvzDvaMvt1/75LGPmsy4I82WJBXusb70TeCHl3SlFNNWzzVzgZ2mbFFQw6ElNfOIZQDhMfUHui6A8P8Aw/8AhU2PCB31WDXByhDqqzNJ7q0YVNWt/S06me0YfHScWWbGLRWQsTjQWJ2EDoCg0V8FiOFc2Z6oujcQeyMpHkFpoEHO06BPjpW+qey/RTkN8TckBfmocEgjmjNgkINItt6gK0Ah927bG3u5YpNoMn6W5LBAxsY8kcLSmSvvC/MEK22mluXog6/aBoPqj5m1luk/yymyDJ2LTyTJJYpZAfy6Ix8GXC7lDA2lhkbm00bXWR3S9Am3bvhkm4uGHDoNVzOrf6I+WZ9U4/AIyOBwN+qLR3tyF6Ij8unoVxGhkf8AmOr6JlzbO3D0F5oOH2aPvhuivxYfqvxovqq4sX1TjGY6aaz6pzgYxRrMr7QHvxhuKiMlxAw48N4sR1To3SltC8hawEteKsF+Sw8aBrfytsD+ENndLA9oPLd5L8aH6qOMua8OPuqF0Jw3lTzYWIv2f6rx7OfiUGvGC9Ox+KvuwhEj3SbUcXe+qOJy4kQOA5ZaYl39VhY/A3yFBPbx8Lh36q+OPnuCvt/KPrkrJyaL+Kn4ml/LcAnvbRw8rP8AlWd/BgAxGMUoXzbNLgac+RcSTC1v6moQiVnr0XB4zL79E+DZalleKqPOgqmGF1ONFGV0bhGAcyqkdASMuelpsnyC02T6LwbL9FjY3Z2u7ikyOE22PU+e/Cc2HUJhPMWOo+YU0R0tSAGndCegRnlcB+py4OzxhsN3btSuZwYRqrJe9o95+nyQbEA3DmCEcyL6XutNYE1o6UFTzyDmeuG3wXe4IoOGzvo6IwiJ3EHurgBh4l1hR2eSB7uH26I8Fksla0FhdA+OK8yUw8J3tPD5r+7yJw4b+IBp1ThHs8uepTWMLnv0DU+R0WZz8QXDjBc/si4xZDs4FOmYLY3U4lxWx8VkebgSFi2WEZN5tAg2ZuEnPW0HCLI5jnCAmZhvRTA9QE2doBLDRQLaqw4o7TtF8G+RipoATdoj6mn/APKDIso25DzWTbIGfksTAZmn3huLkSfQLXO7RHfXe3M0TWSjLxYa/MLFB/URG78pCibOI/AaczqsH+IVtg7Bv8Jk0dB19vNOaXinCjkv6d+pzf4QjjfTaGShHeIqV4/qQaW2RHQ+SL5Q52IGyBdLFs39R5r/AA3hbdxgwSCs29clgfISMJK/qJ/K9/8AC2ryCkmawukf4QFHOWFr2eIHotmfG4tJrT0QlebcT/unDvS2jZx+HqnA2BmFGuY59lcjsLG54Vhd72hCxwut0eTmH3gsWzbQIGH3C6q3Naiwe6quqWW7PJCVznL7RDy82IJsk+yB8g6pkwZysFUuN9k9r+fqp5XsNy1ouBLGJI+gITmR7JE0u64Bktmbhd7EgriSbJjf3K+0PaaDcLQEXO2FrnnqVx4uW+g7IyDY2CT81C0+V/OJPEFh4fCb0pTN/vEbzisjVPbBszIsQrIKOLZgYsGSkh2kGXH1TI5NmEgYK5s0IY4xHH+UK8Gd6oOijJxZEFywv8VdExgzedPJZuxEau7o4CGt0pcxyOhtAu9nJ7r+/quI2LyNKyisDfEeZYCcT+u7BfMge6F9Ud9AKsbLXMWhUDf9pmhZGaux6ogdNXFRhgpxyK4bm4gNXJpjBuxynqExrWkEarNtjRwTecGHWuoWEeG7HkmMa7RNT/RP/apP3lO+H8qT4pnomfcZ67h/bD9qb6FD1Ufqpv8AWj8P4TfQI/8Aeil/bud6r//EACcQAQACAgEDBAIDAQEAAAAAAAEAESExQVFhcYGRobEQ0cHh8PEg/9oACAEBAAE/IcJROJopTwd2IufAOP1FrffggrCjOCnjmEiaDu6M2YVWGPvVriIBeCa5/EsTRMNQ7JyECvJwQNHM6k6Szdyn9wRVVuEUhSGmAcVB1gaGwFX0QREPTMyq4CrdeNFSvUe0w2zhzvKtTuT+3CTuADx1hCSNaK3ozFJv4uzMmvwucRL4gLir4gGFwDqcsf3diVclS1c4X1BP8dxcrCfWYKJ7FAqjcQ7CVSlPMqmWCo0FfeIYZjXcHW7vrj8GfploQobL/BVicsC0NvZnZzvKBdEw5YmGvdysTJVYgOsKntN2x38zv1Nx6GalAoF0ztQxfLEvnFdkYHsSOoBusdALn1qbcuQp4mO7DwqU3hnkB3mODjjl0ErGFBF5iszh6k2xWXtqVmWCw1MiqnQg6zqP43/er2igDouVGWF08ywQAz5lzZ2YRD1YXOztUQu2aCLFbgyytEWyHUDORoC1lAlMOJisGQzQfUHzNuG+C/aVUfpfKCYfkyRZCJfxAK4VDGbr6iky2uTf4P2aDad33hD1x/eeneITrY5G6v2Yl1igDsW/ZBYWrYfuO2WUmX1xKEBMGxB/nS31iLsxEaiekvxmn4qrpmBmZnzmJE1pGK5hdh7sGA2ke8dYuQMqIlSP3GjAakP8uJACbDUBKgZWEjBE8Ac+Yeiuubb/AHvE1uZwAbx5zL63m8448zrhiRA1UNiu5mC10lDEnKvb3/FKQVOhdj1P6jmFiFWoVbdTldl13r9THh2DErup4w8zXrHzrY6IOnNJevWoecK06Tc77R8XCSpqmsfwVuLF2cELg6w1JYA4nrKESqvwM7L2YLLeWOhKngvP3IfmJFVgrSNPrNpCWlVS6RLXPqy/uAPlD4cy6wUqeu/qW3eLWdA5BKcjNkZk21fu/IoIUwOHMtgvKnNJUfY/Ex+lG4tuG9N9f1BvJqtuY/QBtZeifDoiFANGEFkD6RUL3objm2+3dipjnf52hs6eiH92SA2urR9yzOmby0lqyV7RuzPMYUje1AY8AiTWXZ4dxMUYczhaa5q54/chB/CcuGyv91OzUh8BLxPttTxEwiLK6kalRFKiY6s1OFZCgsu4wo1MjXaErBOjDkxScjMDHRoL9yWj6mJVm8RLpxDgIgiG4vkhoa1LQQnqhKqk6ioQxOS26lojVYgQ9GjmXGbXrKaylqli2wvdD718JlKr2pqLl12saZlZJbtxnMcmnJxDAc9YgQWdpB1OBhjxGDH45XUmYItfKlKGx0LcVfbwOH0THLivo8Ildh+RQKX5Ey/PT3ZgP0WV63BtNuyKuuz3mWfvITGwcq/4QBWdW+0Kr1Jso3qsfxTr8P1bNm6a8iYnhixUQdc5gXVbDc0ctlhfR6SobjQ/UAVMIG2l6QRCWrOkaPa9TOVkE5+7sHpLuXQYj4tK/UNfNEKl6TaAK0Wd31hpLc57TiglhyqczFDHEoucs8Eem6H2RZQTh5muV3PTEKsmEcirNprxH9JQb+kqt8rhfZrfrLrVTghzlcpXFXcDW87m5bhRsydC4As7l8ILCcpOYQ73jQ9pafkYdjHYMFCa1r8KbHFhuN16ab/rBRDIMAu1LJtazgw2QEMFjKZnophqO+Abma04dfcpqS1wF6xcYKgtU5ebnDadnSGMJ69F6z11TMYBtKgVbO87jfiE8BHxBUibJwLEr/hLP7neL6PLDRs9+dG734igbBRNZxi/EW4Ns9uIFIEWHUbWTbv2gHJXELvwjb9TPgbyjTLTZ5m5BJiOfeUMtrDjbNSxmwHtDVHTiZNSd4wbXKSqpnUb/E7ftGYCm8sQbjB8x6pxpAiiBTzEgNjyRNcxjKkbNgiz4sRF5dNXE3BgOJ3ElKDhdxJNL4Ll6Rt+pgToQ+KemchVXMvwKjD6StR72afzKZwUcuIdHB1ovnpDLEldL+4lUnKytQkfrBgtth5dsRAgaCOiUJ6dXAsBqZzF3aFbypx7UcWh2BGIaOWOtrEzKvDA6Uy7BiYeIKtu6NnCBZrsXuITGKdXrEM8tWTKuwRKTEnLGJg7vdxX8zAqBFestYt+YJDlUbUsarnpLz3j5Vf3Emx1mgeYldIOjz5f1Gk/xCXoMoHKcQfasQP3ITqmgAX0mR1ghVDmdRdWCpw1mIQDXE7gOgEe81mN2i/EUqvjWj9yvR0aIqT/ANcwao6YVJWikq5nFzqVH7DhIBsJxILIfpEMIAOU3HPFeCFJdTsEhTCuLFm12rlDKNckF08OtAwi2geLlHEa6ED1IwqYOEoWXNWsqaPgKv4g0pTwQgdC5J5tXzA8uMUa1G/XXgjmL6JBCTUJWXRzcpWw1i+u3qy0Gq1KZjO8/MbRUYb4MQo5rtlqKWA4XCYClivJ/VL2Wxwetx7QQVz4MMh0lwqZiNFKPInt+4qLRzM3aunUlHIboQzokuYNJh1mZa9IGeBXqqDpo9CDaZOSG1w7Sscg7nIxisPoJmDIcLGHXMa7JBdoqSLL4VGCYx4MrN/9mUoqDy6RhnmwrpNscU34gBZnn8S8q7x6Ts1/BzHE4BzgXCWhs2U4CEGb6Ivlz8xjfqAsr1g6oXZCkRfqqUiqNdJiVqG+p/cTPJXK/wARFiLFsBKCzh2ljBXLpLKzg1XaIaXueeY/2SDEIbtd4tmznyU9lgDAnyjGhdOInLaKjgY2hWYglmZlxm8TnId11lOnbpzMOqH+ZcLtuwgZvyRq+b2HwThjtKlt7v1TuSjZxHyUO31g0XkgXEGdALeIVAbN9NR7hV0vyfxLM1iNtHEujNfATZfv7EUUeaWUFywD8gOfaM9pyXvxmZkF3T/USje3PlAaA3lh8kquYAOIFO4xx3jwJkdCWANXfTvAqBuHC+fb5mEIlLziJmNgY8jjp6e58y205VgOkThQwVaC8dYrThl7qURmTklMlc21jxMb01Vn94m7e976zYkysAsBbXZOkXR3FdUGVRW03HphRbMqewJZ9SsGbHzqOBkPcg/TB1X3Kd6mAgOTbPmZuDiDhJaEDafW5mLaHAYIYhgsJ6v7iyLV9IK0i274gDavbywoXO116PSOq2gDAZCta9kahW4Gr4PBBy+xy+Y+4IdwzqH7R0J5tfKzMyQwwdzrSYjC6Drf6S0enn9I/wCyfEKayCT0QiU7OjEiOKGcC2BU2U5m5IrM+SHgzXIfa4ToPUAuYGTv2mJe7+T9JSaIjf1HOCyTgj3JcX+s1SHtfZL6bqX4tJ/mqL/iNo3kNdQPmZ6BVeTDMTOMYqU6RtegPvEo6q90oVM3UEe28gMjr3mVZ0rskobZdCUL8PL9S9vm3VUJdjIdG3FN9G5zHsZmCHirf6REirtfxpANGt6vU3RaWeJQnntFeZgqItSi9JxDS8tulx2CALunEBvCgUhL3SQUZ1EafaWJ7/iOnd6fioASa1JWuzRp/Ki3/wDQHeaMGgep7QxBTTHtDz8HkHp/cCmJlPglP7wWXr2gZQKG6fSIsA18vAgmd8gvpCoXVopTETFf5sz73lDOLnmKuPkv4/iVioNnLEekudm+sb2er9xoXKq3Fzd1cxeR8xcdjEvkHVwT2dca0+obYq5iB9bDNsJnOkSYRY+tKcczBzw43fSZQQun/mFPSxXnpEbUW2nsMynXgFV2u5XJghfC5jPEWGX+JT1lMLHpClo2bT3jdXusR9ScJfg3Hx4c4jUUWXIR4SdrFSiG6wTFUSgasQfSuYZAL1junUMD6XvLEY6jBNvECzrCvVg9XMsrhX+BbmZYgFzIuPXV3T0g7pN6ffMrWzfsejfT+YCuFHwxf++ULCyvqWZY0QK5IZ+6jPEnA5mHS7LW8zAN03ieU3zCKS7/AN1mR27cPFYYNskhxwP8zlK46xpAGBRXCKrw/TL07prWsHzcqXFWpth+aiJxhY4/Jy+iXw1YTD290TqFP3LT4Qwe1Knp/nbMc6pej1j3agygO0da8rC/5SCcmryX8+YwEPQi3LyxWz1YGDB+ZppXWC6IO8hSgKNgGYyAvDc0wAXUvMr/ACAto7ilALXSHYlCuIFS9GtQ+4wBfVfG7VPkVRRUrsCqzpUzkNwQxNhFeR94gMzXqtxLwpnmOt1Kdv6DFtyRoMe0ySL4CzuyKQ7iQfEGggthslBgJoViOExBUa3mCM+aTPtOaa1jP3ObwFYOc8ROqLq+c3pbTy2whNaPlcJgRmw+ZSXJYR8Mb74l/H/tLqjeTi+0AdazK8Aw/SWpdE8QK4gkwL8QBFgZXiHby55mWIL9EaVXMoYxCN5ZZRmVS1BRJdKmZZyHj/wjM44RblkOjPF+AIOHiNhWxXTrAoLur+IxyeX56SjkD065fqZMoDLhDL8SpuWXuzUuEtR+oyHGWC/cipou9zxNW24efEPgUzjbzPnH8T5ifAfc/wAjrPh/R+E+vPqTZOENT/J2jt5jr8uP/BCG/wACaxm3+t/i3yX3Plfonwvoz532fh3wiD/LuTbD/LtP/9oADAMBAAIAAwAAABAQvA4FwA1Z2nFw8Ks7hlZkLFmjLRf3kbejXwAA5SLFGJfLEemTEqsqLINt41DBqrv267FHbz31ZcmffxDD3/GuKYO5EQe/+cgJOMoXTh0t4ECHSfQNapodSfEdtN4yY4dENZsWPf0S+yz/AHNodp2iF5qJMofWxkuKOs2iC2lAwQaTFBXizX0HrkGT58DAKGHEiolJqFQM4AJMkn/xe//EACIRAQEBAAMAAgICAwAAAAAAAAEAESExQRBRIIFhccHR8f/aAAgBAwEBPxCR4uNdZA9Dz/X1BdL2CzjY+O4G5l2ZTi2eOoWM4u3KFB15OL+hO3JZtsV1b58M+DDlkJczc8i4J3Dg8bY8XPh1duZBXrNoncF62LsWtf6Pv46fGh3BytmyE5V1PosDNk6LMhAEfBBvtuaaR0uYWksfBvRB3G9CEaWDiWku3kOMSpF2GG/z+rS5sdH6IxRnZOoh6uHLJvJFmy5DGW9wxwzLcIDYnxJCkYMtdYO4Tl48lOW0ebPiTFzhBXC0suyZnzJyxLgbfQn9JzFfqPsnbczeCIH7WLYN5bJ8LldYUjGOLazuMieYFnGyvMESRXeXu+1u3CG8Lk8RwEdbRyWk6PFnwBInSdPC/YnB9IDuQyXoI4AMk2MNzy6yljPL+WWfGTqOKXcgTH/t+xhhLx8BPBL+T2/zQG6xs6+yMMbcwBywA3y7s9g0S5knA+I2OpbrtvkczMs/AbZJkS4wwh5aTGeOLzb/xAAjEQEBAQABBAICAwEAAAAAAAABABEhEDFBUWFxkaEggbHh/9oACAECAQE/ELQeC55YRA7nz5/v2fc8PTOjkPu1Z1RslZxFqrmJJu4xpi2hsM7owY5YR4Jddf4IwC7VPEd4JxHhvjTfHfL7/wCRRikGGR3l8loRXWdHoJvGFhxJs7hw2Z3I5gyLVwkUYdjlvQtjHMQw6MWazHEcsJRHe1zDz9wejfMjl6fFwnj1ZmOIT6XjdMx5ktBIFYWI49F4XeweIJZzMfRCXgzD4+IjfPzDHPaZAwwwl9SZ+1nHntDEX6H28Q7nefiBXCw4bMjonEsYjGrC5bn34muRn1HD7sjy7MFkh3sxeLMPEs0LYM7WlgyJd7V6TaBxLZva54bFYeJtdh6bk5PLtmuDbyBzH6sU77EGTPo3JrZq1Fd2ZjNMsFZ1bcRBHSCyxsbGyxtWNjIQbpiXPm8KYNsnfi2R02JBf9/0lcDs1zK9nH9NeIe5dvfuE3QUz4hwHz8sMK8vvPvmEmjzz/X5tceQ/llNDih+bIPB+4DhtV2MDCUzDnI5gjoMaN2DZkwJXSLslw273mOen//EACcQAQEAAgICAgICAwEBAQAAAAERACExQVFhcYGRobHBENHw8eEg/9oACAEBAAE/EDq4wlMgKa1jh0SnA79R47dYAZUXoOvgcaN+W4xXCjeXc3LvARlE16rvQfD9ZUL7LQag7N6wSmiWRDjSZ3TkTV0mKkt386wWloecBBuq7/73hEQNYExBA3k3s8/GOPRvmv5ExBRYDflyZ+2VChnTXP4wG0dZOxpm3iu0gYwpS/8AHeERg184IKod5RGMhhPFxAwvTpwSQPZ9YN5rgHeUBR09BPHK3QJ8mDRWK8w7rR+MjnKh/IPh24HNqw88mrr3cU5UV0UKB5U7Ju8YWZyuWQJ214yNk7HS+w6TBKDXvCO0xR1TvxlzFk+jFi2tH3jvR0fNxqNWgWm78pC995rKRtD1Kl+nBMfzRKv4NfvAAJgSORZyJz7yoy56Fxk/U24ikV9feUonc84VO0S8qSzkxm19Dw5XTeR4ZVz09H/jJWlzcQKH5lxputXr/wCWBNInUxMjbEPzglQV4wMZBe1yR61l0kaO/WDz4fvJ0Vd+2NSAXLH1h4u5NZ4DC/1WKHIG4OsBQDt2R/OXJMkDbdRVPQK5UAxsyQVAE8cY4TE4G089WPJ84skdjQbB/Dj5XpOhDj5F/GJYHGcA81ZL/wC5AigvGH/io1w28FZ4ymnpKmh8KL94LeoTL+D/AFMSdQCk8PXQ471bsFXfp2ax9icQ8VfJgTVGr4UP1kKUJEOzreXIihexnJ7MG0H+2EE3y4PzkIMaBEfeG2ZJmGAW0f8AzIhhC1pinFMH9MOKwtqs38uIN2bHJ8Y40BNrcImwdHBkN7VyFpps2jM0SjB2dY7mzdmPuVQXBrNXOFo+cbX91Znh5U74nHeW2RFAe1XQv5Xu4EspIFgtQ06OcHG6hh8g6+cDq3B6fCZTYc+HlfNP1ga3G+JAhZFu7cQkQyVCj4CfeKC03icLeQMU+QF/ObXzKgntc8IuOHG+3sx6/k4vMPGcjTHLFfyGJ3J0VOE08XAwAh4qbNkpreNDGQGIzbD1sxgJ51VVkDDofIf7xmoQ4cRShevzl1vgyV+kwEwYAERfOFhh7rpq/wDbmGaVbL33iEkvnDj60bSp+wyNiFV4CYpg8td3OcwoXhPOeVgXJWDyYUGwKuDLxtYHx7eHEgLNgrm4xejgivJJx+w+sAQFQXKg86hxhRG0FJLHNHK9YIoXiwfJXs4w6KYGH86+g+cVVtJtdtVblQy1V4R1gBr5ARSKS8xLvBaZBQP9vvAO/OMhzh9XTJLybfwf1hSgDTRwNvlyHtdwXZx9MW8ehT+JhzbrqI5C0fTI30SoOWmucZkmxau4acDXqecHUkW3bWOSClb2HnACQYTzjZL85MRWYgrBdGEt8YN49yvI/rFJsE/OFT2jvJkGh6Uf6MWzaV0s4cZN6y9YlI2/9esrD90APJ5H7yngKLI/Yfxmrssk6Mbc+/TAdugTD5DYregXZB37MqVf20hL841JIhHDac9mbvilqEB9Q/bk87VW0LrFEiSJAxl8McqiV84MYkvsr+zBq7yu4awADt0IRdOl4yfCfy3N+h6w8yFpxr1ge6rEOf8At5LSS7acvzihvloDUKOLeHQ95BmjXbLHy9+AxTY0NYHnERUuIvxO5r8ZAeSDpH/Czr3ih3gAj5t+WPgEjYOgx2N3VsoTfhT85pflaJOZ7195T5ysC+vWBxreJC+BXfeKqTfD94uC4t9hezfWIY4CUX85YLu0Tyf2ZQiu3KnY/gT3mtZEmD7PvXJlgtzgiu8Rh/WCqOKsZ+JEx7MlOOuk9PRLeI/GUvRBaR48QMNK1e4Bug6iiMd55hp8fYj3jrWTVuAQASpA/wC9Zs36YE71t77zT+qGh+bkVN9htGidl35xqg+Cnf4z3AeyImdMCWB5Dr94UC+je/M4+GYqIELMv5DX62jzgB9lkmpN8ux+HFwQHQA8r0ZoIhzTz84duTxt8zH4CQTZ4uOrmg4w+R1upgDAqGTG7J2W+z+jCSDl3cmG77jRGD5LhTFERBe94PhJudAatHWVSRg3qHt16585GuJgu3ZixS6zV85UAxUd+ZhOXIFfgwt4ac1tJ/1xN3pARw+nyY96pAbIiSa/OKGOUIEWGzFxLDERROrRr3vyZyj4XiPjygQ9YqcMCzHzwIZKRFqhA9YKnry4IBa1C8pqOGYKcV9ZdC7vcB6zSrRYHku7/D4x56LsfbV+8SgX2H71jLDTHeg/nAiwW0p3985vilGxjhRACFH8FqPkMrvdz7+w0j5xOlMf7ZSg5srizW5q85V5TQFaSXkyP7wn7WhweX+8f+mzCCzsDx8+89q4YRR+cAIPto9e8SnFQKz3iO2fMRzjB3vJDENKGofnTAWlQRlsBoMDxFDQjsDtzdH3gXG2Lukg+9T6wtdzWWCdWKY/tdGt/b/xjsdg5bzb0dIIZ1zvX+8i31RxHrwODCuWTlwnTl4l3dR9nhnIYMgSxrwb4xsRIyj8P9Mddwa4Cr2gz2e8QmYWxBBI2w0jdxsNa8iPPnByU6amJILbQA5bjpJiUDvvHn2IEA+cE8/V/cM1KIZ1Rp+P5MoWMXQ8j55xTeqCv5TfxjBxJ4d745xzRwgm+GkT0v4ybwLzPCY0rI5Dw5nAeGemOKJ+CP5E2+n3iuDVU5jfnw+8jzLSafKndxCVg2hfuauOOMWXhmUwnUUCut4dAVGy7wTgoV37cBhqaxRgRu3Nyhdsx7YTzz84tOtqL5vB8YV3tr1jIOiA7c7+csO1MdHe3B25zsrBRTrcP3gELgWZbNPq/nHzKo2B5wSoy0vwebpfWLRNbE5o9cYAZQwBpz4Xn9eMPnHqLB+BeIG8XJBwkbq26cA7w8RGtCeANHpptvOF1QLlIVv8YBvXE3EpcQcQ70bK4iGlNt6wWPlGpHaa7+DwuUjzqhfGv9M3eVaKfVyMUtcG7DYE/GC3ASZ0gaiw4hwDiYClQrcubvEGbas+MQk2flnzQQCGReBBNLNL/H0YN+/qoQh7TWOk9sMeY9ZtZUCFnzl5wDnR1+yfjI8F0PPLcWqOXaZKklensw5opfj0+8F1l6yrsuBN0J7ccZBAC4OneEcFB9uc4dpdTrA1TAuRjUHHH/f68mCjiHt/9wdWnRfo87949H1nIx/GNLuDw6/2ZuAwYVseBZMRJ9yNjgIJfeXhKIR3ixpYXv3iFGCnjDzYqeD3luggWl0+DXB/8wTSGsi8Hn+GKxOtyvtwWQNX+EnGCMq8i79u+ck/AUEUVFHpuOhZy1OsWnG/ZlwOwFFPq4EAUWtfBMTpoKAupgctdzrqgafWTTyIwf3gQF34jApg0TPGvkMZ1Hrls+tYDbDy49D8sQ07Aj5F9zJVPJgPIvzjsonImBugJ4O/3/OL5UNCnHzjktIG0cXA2FY3Ft2DWBoAcu//ADGNoqvzjm4yuJugEQkVfprHKdAXguTnGA8D/K4gsRxeikPi4be9D3urXA4Xt0G/ZedFKTTW8vHahCPBPCP8+MIvIVOatw2aeOHBvXMOoKLWnlgZvT8RJCanBy7fbgmTqjI8qOgPtx2qpajvH4hLHlMdhcoSeqXWIBoCMjwFSjmptnNvhHImOi2EleUj2yQ1vRC7NcTebiii9p/4ZumCneu81AANF9B7mHOGiWacd5hTfnDXpbX++vrDGEIIwhsbTSdMe8hSyRg9YBMrZ3hukjrCE++Pzl4CwTr3+THo4cWyBJQveJHColL4yQlbOfTfOM7TH0thvjUwxibpAC/r5xG7CuCvnDQI5eLyYV290h84rtgUXaX73WKE5IxPAG+POCwak0hD+XIRHE+lLU75DvB3AQsBpJx+sKV1NBNTn/t4juONZ7mBqhqoCttbB4lvOVHr2xDe9px6OjE9HCJKbKxGHUfnH5hSrLwfiYiiXv38Y6F6HkenKpoTQHpU4+c1DbCMfLWJI+MELpvmPx8YmHoHUE5La/jHB3Y0T2vc1rxl7F8eW94EPLJ5x3YA+IUnjl6cbynoky2SZFd5at6d9nP4yqDzKbcf97wcUOyDnfolyeBfa9aCezE1QEsY1s86594HX0OE4euHvrGgDJIQ9SZrxAAGQ/vH6l9vT5MUwgg8mbpw3FjlF2KNjxH9feG3JzUH4x/XeLPI8L8pjjtc+JpE6y8QypQis8vQe8Go2Mp0JeT+RgxzANHtp/fGHKeh6rU1zr+cSKY2ajuO8sIE1pdccO+7lplBujSwnAa/OaaEWB5K/BfvEIUSc3BW7G642+cUTfOBb2fj73vJ9pDWAnOjp0YTyhYTELA7HTGhTernFiWi4mtvl58d4qbDpETtCXzksxZWgJQ6NtdAYTuAGrsXkdOb5tyApZ3evWK+LkvXx9YHde5FOv8ALiEwTzTA8DLz0rIGhrzE3jFlGjdQL428e8hDQGUa0a9k+8ggBfeMPs0fMd4puu0Y5pev94xCfLWu5OMVReTFAi+sVbmafPnBJUruOBuUd44ERZ5zcBR4cDDtd6xzR4hj5YoTYWT9HGNEaXKR9wgHmxjhGwkIVFQ2RfNy7BUxjaldD+MLIbvZDlLn04iNrO1bW4fr3kg2FK6VX3txIQUOwyL+bhDpAgTKT159YJk3Giot+3JsdUd5nwdflwVCIAh+rqWTWDtuZOV3UacDvRi0FXsjnXnNKt9vwGBsSxI/iwjKZzd4ie5xzHK0WaUL8cPjEWGzPa/7jBi4UNbZ2GLTMI16H3cQE2LRvj7LoMu0FOgHn2rtcVSMHhYmn1pO9PWcUKCpQI8vX0xMCprpQ11t1f1lSQLOke7lYGkh3ywmkE+XnI9njUlFqvRV4DvIISkhoDxlmS0KcsS/q1jrKbuQJ7yIHxh2Ta4uMAjhTBOTiSb9CrutcOt/GLGwEOmwXksO7+8C5Em4B5vXB/OCeMJCb0nfxiRi7LfllFaYjVd/iYhpcT5Anm3Z25uCq3Stf5w0Q7pP5whdw28LK/1+caOLacbZFqKqPIQ1KGDeLcUTtPa3Tm5AiBQblUbZo84K2eQOnPTkGL1Wvy/lhc8sSfASYqiFd4Kkb5aieM4/LAOZeXjJAN9WI4ybvRklYC8pIHzrOsJ8ugPQ1+cXiGHpeX85tHYSO6PlWaxTlc8xoPpZ7VfGE5QUTpxMGPJKQF7Sz6wlIaMn0g+LZlgTNBXmV4dOs0PSC/YCnwa9ZX5EmPPOVU69DOjVnzvkBZI4uemzICBQKuM1xm4JK8CpzZpmW43BRJpZ1xxjy7kkxkR8jl64R3ek83vGawsM+jb5a4ySW4nnwbuYsoL0Y5Sjts8VCZcI+FASspz1ldlrwyq5d1Yjb9gH24meuk+bLb6wWwGFxXAmh8BV+AOL5cEo4XuDWHMP1rzhRWhCpPcbb7uIDSZiHTHcbfN3gg3gLA5cwoo7Lcq4N5y8A9z8DjAswtkoReNfDjsAM74wa9QamM5C578z9NfNywcSVdkyb9j9TGHNaulH9H9YXi0UKFp1ak7zull1m9DreRuL/JGKebr7PWODaoqvt/woa6UH84GSvRoEl8scKCYsM2LJvHunoKroJT7xQp1y1KgV3v1kWeM4HXwXvHHdyBOTga1PebCIXBZR4/8AuVpIOnQLy4qYKTY7NabxW1zWtWchn/4GdrUUB9jeFP7ok7nkAN/5Y72rw/oHT/WJfoOKhqPaxqOhtu3k6Jz6XIziqWBGPhYPlF0RErzeIeD+guETGR4OK6fG/L1k7daFFpJ2+8cpK5+BlX5UwyYYQIQ3w+OMXDpvi5PfzjAvHXX1iFmvgPb6OcEqhAIeTCYFz8gs/eaEIgNocfZmLDQYAX8zo6xjT9kxavz0TnL18XfOzf3gSu0JHNi3KQIWkhyxy0ApnFtMLrcpTqAvjjAlQEJL4FWXDCDZ3gFODIAIIQFA32YpAiR0a/eXGpTNpaU1lSyC9eItXrHboIpM063lDpm5tXQWvOjeLTlpanlTAHlmVUdrIcxK/RixNtqhXYLT0YAYAACijFpLN8ZYs1AVZUUrc14zWDVBUnLTrjAF/gaAjHXk5wLEX2XBEvq3DUsAQ4gfxnJGEZE5TkyIAaotqVmh3i8DKxs1r+XvDT3wlrNdEehp0f0fr3lbuDobqI81XfGOXdLYuhBrfvW8D98a75C6HCf1loLvDJpgk09v5wTx+HBr8ZIcq3l/8D84KGCA7nB8H84Ybkj7uBrQVavDxgEmM7Gwrn4yDum9Ty0W/DljPw8E8gfD6Y2/9Vg7wiT7yqwioaiUdsAr1jgsTdCJxh2Cl+2XvqmoVN5PWPdUoqAyvcusniG0mJTfXi4j4IsELIKXYpjdVIjrvgRD4usSS6LgNB53BD3zvAz5AuBInjCwuAQImg4yK9Yf8+sfrkiY4fGz4x+D8YUBPh+WN5VCKNTFuTAi0YfTNXDlK35VcFQgXY3A87j6yc9AOyMPihhmTe/kUxGirzE+OsOgYLZ0CPKn/wAwTQgSA+BQB4hiz1f0IeIiNTXXAQYrtHNGnE7HxgFvv1j+imJkt0dEU4+hMEeQFj24xpDQSm1xE2eM1HhDzi/ocgPgP/uA4WoK1+OcDUEPaWBvgW7wjzWuB5dOifGFQwSAmS6ZZqzJKAEI0LeWOUC1QcFqaDto4u+0gsRUKPjI429SddvCTajnQdzTvjKrINVg7XnjAbSXt1azFpBFw0qew0T4M3DRAq2oVW7eXLoGKgDCR8GvjNveFM/BGsYqCiYDYESaTjWaFBZbe0BWLLnJmIECBE+3AYm4RMcB0g4cJgLAEAY6/eMEcRAh0AAA8HeR0bVleN8PxjptixFqGpTJjvjSLOED55MCZpzgV9HrvA3UovMRB4gzAMdsFIjv7f1MNhuIGefJkIDr4GXR3P6PnDQc0mzyjcN8GvGApwj+srVrleJOck0NvHq/owgUtng3r5wKgFScDtwKFDga1/GR5vKqy6yKLdIdHjCg9afnD37F3jqFfBlIGgAc4JSNCITres1oB/EHnKcJykn7zRYfgzn0a9GJ4H4MA9H4zRsT4Mq6D8GSSifBijg/GdYYS4/AzeYH0YOKJ2xrJ9iPEX/DCnPk78DvNMz07wB/H5mINAS7BULwu337yeBJBBDjIHCdOOGPAtNca0OskD4XasIu9I696wGwpdpxOQ0ETiZGGAmB1DtgXhOZlTuAJhKh8euMPibd+1r3n/Y8/wCSzv8AgeX+EH7/APNzhm/S/gZ+q5/I5/F/gX77P0sM6x5fOGHed5z+s4v+L+2cDOXP65+h/ln/AAPOf8Py/wDwnMXv+L4P8c/ocP8Ap85/w+mf/9k=\" data-filename=\"IMG_20240209_221923_327-300x169.jpg\" style=\"width: 300px;\">eddedeedededed</p><p>deddddddddddddddddddddddddddddddddddddddddddddddddddddddddddd<img src=\"data:image/jpeg;base64,/9j/4AAQSkZJRgABAQEAeAB4AAD/2wBDAAYEBAUEBAYFBQUGBgYHCQ4JCQgICRINDQoOFRIWFhUSFBQXGiEcFxgfGRQUHScdHyIjJSUlFhwpLCgkKyEkJST/2wBDAQYGBgkICREJCREkGBQYJCQkJCQkJCQkJCQkJCQkJCQkJCQkJCQkJCQkJCQkJCQkJCQkJCQkJCQkJCQkJCQkJCT/wgARCACpASwDASIAAhEBAxEB/8QAHAAAAgMBAQEBAAAAAAAAAAAABQYCAwQHAQAI/8QAGQEAAwEBAQAAAAAAAAAAAAAAAAECAwQF/9oADAMBAAIQAxAAAAHqMvoBMYQ5UAqWeEdJM0aXHLHUbsvlrJZNSrDlzkRUXXXAN2DDDfuW1YB1j9mRLBIiKf32F1lTnRZ7enZvQ7ujodzA3X5HBnrQj4iY/NzjHs/QN3Mum7c1V3KSBDKJEbcuiArDmjpI+GvnDBfg29Pmkto0kqz06ZhVO2IJt1HPtZ7Egxt22fIS18uQ7cF1VZBPcgml1r9vvV0LD1mzZ867sO5+JOlCIxpT540wjfN1Gm+8Fbi/ZOGgwsfOieWrxqVOhzusG7s9ZWEQwTfi6SVCHVVM5RH76MDNZ+UPynUfMYZq21dtiwFybpz5nK6UNK8ycmoZYbcyA+1LqYEs4PntoCgc81t6ryp7c9Z8Br7ipKal6e3CEeM71RT9YRcnU5JZC+dp2rjq4uOht6rYpFufUlYV7iG+r+zWnro2L48Q2HlI50VF6nuyHO2/Q7S8hE11aB5dBBefgs7ft+WvKgzkAledJT/CXhvTDNQgQ9VH0vF6sTz9AgotaaYZ25OO6edvfUTYS6MY7aJeQnDk7fks5hGTdHMLeDs1lYc5gUGx758U2XQxeH7s1MLDGra26V8/6TwwRx7RvDaL0pQ6dOiuv5UDXlZswu5aM9Yg/pAKTJ9qvRLrZy6cfJ163D4lELEukWh7tYnyHqnN21kjjqln/AhpzrstgK1PeU0rw2FeCxGiGrvCYEqtZ7MZ3npXjh2C/MajYnm+RWYyFevMot9qV6NnubTModU2yb1fClJGDRfZUb2xLYJTlG5X1k0oCx5Pg/V6qxfaMaoqP8uDcP0uSsS1U5s9a1whbbAb9VfdHlW0j0M5vVJ+RoR5a7r6ijfbEijNvyuTQcsu93OUa1ov5/Uo+FBNwR8G3Jwdk8nzs4nlhvVngq0wZTZZvFgxse4F46RXY1MANGdVTiNDxedO50zaAjRi97Qmwq7H0arLemOXk8xXmHYkCdFO3IUTjgJ3VniDaI7QzbaqufXFXEE5zmBO5UXDeb6jBHTUHWkfaQB0FIi8HYhfN9wPysQgDnVyoUHavOS5Q7Pz0LqAP9fsDE1LDHtUZm1POOkpkGPHbnTFLNc7lf30QcyFa2tgXSCTpzzi592ZTqY1+Qj2zNr3mnRsAkdXTHuALyFrYVzNbPLWkTlLx6DH6VuMZBoaNoytIrEVpZoH0VQugoRunBGpr43PU7jGVXBOvJCVSXEb2SFNirSpu35AzRsgjP7941L3zcnXOmehRC75qjy6AQ998Dz331EJSvp0favmZL4yg02+aYNX2fPN7Rpgc4qvmNCLwlkQ/8QALRAAAgICAgECBQQDAAMAAAAAAgMBBAAFERITFCEGEBUjMiIxMzQlQUIkMDX/2gAIAQEAAQUC4+d66NNd/YWtg+vojfjNLeo5qtz55sUgedaidc64fdnLMe0BxARnTHlKVZE4T4XcjJmBw3ewhLCEesTluPKEzKTTZ+0tvMRLHnNVR4x1ADIJRlvbksU78pxDgsL+fPEXrB3rpx4yrbKxVeizzm9UCyRMNSXtiJ95/bYeSHLnsAhkRm3Losgz3y8/pt4nG/uWK48fOMdBSE8ZsBiDlnXAssLPV19XW80W63kOizXDfbO3QSky0kN+FbZeo5xbls+WztyQfT0VKUUq7Bra9bLO6Fp3CB81dWz/AMBxnE1/f5Mj3kuuBPaM+Jy6V17ryJVa8qbFj1m78kqmXdya3qFc+yG8ysXkBLb3G4uc8ZHGporrhtrAP2Ne9d1sVWGxJ345s8WM2OnhGfCFUyblWHRT1O78Dbncblq1zRnZ9kUINLPUgZW0wqkj7S+85WnmcLIjOI+XxN/Eiz0xV0gXV/VPHefCPSz+jKDwNXOXqfqBqMIT2DRiNPX62t9JTY1tCkcb+6Oa6g23DYVTWWyDKfXY20IXWVm+5hb28x6jyV6j+yG05blWuWLn6lfvs6yl8NAWRzW/PJjIznIzd/eUXsQFPSnBeNbgGO0ZYSFkLHmovo7ALgxGNYv1LawuzXlza+KIjwU7bZrA1B4/4gbMv2zWwVkin4SjlXy3L1WNe3+QSkci8Qqp7QxNbY9Mog8bEdliIVwq3Zh9Uo+U5GWr9epjfiKuI2LMK1SlerGuscG/WbUTerNqt+JBqvp7pNnLdVVxNlDte/W7AbY3CgdqtqpuLsLoUn2m3Wp09mvloSA+2TPOVqjLE0mzq4p3Idm2ZtU3LIx4aqVPW6hIw5BhA8jM7HyRrmL9LauDXFZA8RqKnEJFAjPtmz3EKy1dMrJumcXE3NfTUXn2GvAkBaXW1/rjBYnIklzSzVeuGH113kuqO175uW/Id25LF6m3eO7Aa57WrS2jTBw7SoNK1lS2VUqdinaWq0sHr2CiHYu61IVKVV2mQGENyxxzA8lTuwAXUAQ6x+BxORziCmc2TpBNmgQDZj7maO5CXmwFuRdGVbV3cy/KP3onC81t6SXd2ExKmL2iL1RlQtK2rPyuUFuVXR6mWfrLeqrpaqqxpv0bQVrNcR4it2zxpDNq77iLnIVBSvPAJ4dTsLAkHqniaxeVVN41z6nA1tj5MTm1s+Gzs9idhri7Gqv5I/49SBRNtIgyZmWBPH+1nxGlvyrL1zyBSsEp+3IycUkOVviMYrKfstobGHSG1YS6ts2do1+t+xuBluO2CKAP39hmCxpw2sTV9iCUtkoU3rg2YgbNiWFGU28FsETGajayg1pUM9+M+JFcg45wSyr1gSTI4xXGQPvCO2SETnXgojKzZgu0lH4zd7FUKfciLtpVnVrWk+pba19eIoIXs9gU9h3m5+5MyciExkuKZhj5htNNmIoOHDW8Iq6lXWxrCWbQlR0Q8rIpg+tURMXxPO2XYB1S+jh5BI4pkdF2APJgomFDwER1bQnxtjgh94r0DOkts9ROCywXSrNRjcrU0VQPbKPBsespqr2rxpVUoo3O3ZXCIkpBUYfsfUF4uQEq7HmMnEZQX6h1dnkOz9vNjPaxQKF4O4FTCtIfbU/yYxvjHzdl3efIc4OfqXNZsHP2RweOV7ZYRYYLGJic0/BUlU5YKqfiO9fTjtiRYo3MXVoVOteoHKws1Aeta4uPOw5IxkRni7zMDzGQxTIsN7VqA+KrX4ErN1QIaPEtjpGn9NypNFjf64K/Vllq4G82MdweEqYyDyIwGTKyawspUGX8aHjLXUvUSuvGnc++Csds2OL07TxNZa8YRSNdflbQlKQtMX0uMXWpM9yrrnr0xi5iCY8MuJjmq8lzMuawQ6KuWIrjMsawA9TjF+QKsiLqJ+h2tu0AY3ZwU2rpPhrI57ZGGqJz9sE5jJZPKCdLb9JVtadj5E2doMriqjZGhQAdkuxjExPETmnVzbn7To562UiaAUEzAiIj0x3U5FAnH740fDNRk2Xsb0zYEZnXd2VXmKzRYLBr8rb4PqJbMDqRZsdy9sZ+WBPtzjIyrr2vwNVTCC2SqwOtNsk6k9AGI5WMgNVdL1FzLI/IQzRRHq9wcg/Wl5q9t4kpsSOS7pi/UWWWBiMj2xhxllnOa79A9u5Xlj1pImZtu7lT7AdxPgauy5M3NjZuTZ6vKUc5NfnPTzxT1Vi4KtJcaJadcUa9UH67XV5vOs0/RW292wLWRW8GVERNu/J65ktIihp8hYkS0xQu5sRlo/Dr49B44zcV1rf5T8kOtsHX0FX8HTgyHnxn5srj0Cfs12zyVAwinlUuZvWIO1MzM4WWa3qNNrKFmvsGNrLXG513n+q6/wA+3vo9Jp1SjUfDlZsXzfryn/F5xq5zxarAXrFl8RXlWrPyBnGal/DLoyq1pP0Exyq63337UiDq6ohTYstWMFYns4+cqDyUj+i83nP0Fht5CIyvyB84NC0YihpO8Rk2hcuKFO2mxm2tXGp9A+I+lXM1Etq3blq4xMbsejtZfaxVdj2HqboCuo9qdYthPsTO0s2EsqkOstmL6za0/D1jxN3YjZrV3EJpUe2fECrNvrvKb2fba0gz0JnhlzlRf2ll412D4A2zMZxiUdiQUKsMFVsvA76qpf8An0oj1vYq2iLZ2iE0x4tq9tXYMRH1R6OkamxAXQrqc2opnk0j3WLvgj0mhXBo1VQw1m3qEWu2fatrncs0Gojs5a+pWV+E9UfNG3bWiFSy6xgshrC7GMScAPclcQprssH5DLj5dc17V02Ms8Wz3Nd5M3Zlb+s1fKnddXUtx6dNnbIYktuMgW4qsZG6KbpbOkWVbzadn64qDr7h6rCN6rFbf0rT3YwDN2yEhumEiN2vxXtqVtSHTVTStkbNtxJU7XgpPns1ps48lgB7854G28qDHIl1xKTsTYRFcxSTJJPiM46Z/wBRnGe+CBHPpp5KowcIOM6znE57/Lmc98984nOs51LOpRnE8sRK8SmMYrtmtZ1bYaBbCECOWWiUg3nPtQbDlxU5UquH4z/Fqv5bH92n+bf7VjJ/KP3/ANZV/k/3/wCqPlPyZlP+Uf6dL+4P91n9naf2h/8Ao/7pfl/1/8QAJREAAgICAgICAQUAAAAAAAAAAAECEQMQEiExQSAiMAQTQlFh/9oACAEDAQE/ARK+iOLGumZcDivrpfgwy9H7SkNibsxLG400ZYcJUURik1QmrJKu9LfIST0l0QlRHpmbPxj0R7EY69kpcnZ6IyIzMsvrpfCD1GVdFHJnHkqEuiqHLqtYFbJfp7VoacCXekMSKOPWkR6JVVlmHC8ng4klWsGYjJUZ3FKx/Gy9xP8ACjG3F3Eyy+zkhkI/2NK+jHkn4Gjjbpja9CH1qtIhG3RDyOlpzrwU/wCQhyFK1RBeybrd18VG0RxV9iS4+BE/BBKk0ZI9lFWRPCGRRGqpjWq0nH2PJ6RcaOaqiMh9xIS6OS1ZBaZD8cXQiML8jtDiR+CLRaEy0X2WhMTRaGxRbOVF27+C3XyW0h9F7//EACcRAAICAQQBAwQDAAAAAAAAAAECABEDEBIhMSAEIkETQlFhMDKx/9oACAECAQE/AZ1yYcrnqJlDn3+NcRReoE9M/wBsPpgeoTZn0wZbQHQmc+S9cxUHele2YmA4MQbWqZc1+xYT8aH9QabZVRO/CtEaFIjFOGj4/uXqWQJix7o4o6V4EXAK1Aly5um4wk7Zhcpz8TJsCbgIXJjOB3CR8QG9GTbpVzvX41rRPwZiUVUT+tTLtQEiH3QLxBorfmZEVV3aHIyKSvcRXA95vQjx3beYjD5jeqAFKIQz8mJjh2jgaupBuOxPERdxh8ya7he+JjU5JiwqO5k4W4T4ZKrnQGoTMqvuDJEJrmXLlzmBZzMR2tcTOgjsHxkrGHOtTK2p/grXC5U1DGaoOZcY34Y2oTcv5+Z9Rf8AYjVdmB1vkxm91wOt8xWUDkxWUAfqb15hcbgYTAulaCHvw2TbNs2zbAomwRlry//EAD0QAAEEAAMGAwUHAQgDAQAAAAEAAgMREiExBBATIkFRMmFxI0KBkaEUIDNSYnKxBTA0Y3OCwdHwFVOS8f/aAAgBAQAGPwLferugVNJXtNown5riwP4zew1QhmFO7rG7EjT7Yem8BZDe5/y3wx3lIHbs1y6qvmVQ3ODfj5o5IZ5q1hiHq7oF7RvE/cuFyYuzRouLA8lvVqbwmAF3vO0Rc/CQOlISM0P3LKwA5anyCMbHOb+xBsjuIzz1QvlNdVHtkXLJfNXVMeNHC9x3RPANfchb+aUK92wN9fuDdhaVSxhXipDBmdFGNokDXHp1JTnwP+KeGwYjXvIyYMDD0PVEjIWiDqE+EnJwxfHdyuB3P2SA+3I6p8g5uIc3HquIcvJcXXPlsoFuMNDRmE4Sy8eGra86g9lCD2WQ5fuaEqxuiPZ1ppDaRd1CieG4REF3CuqRKYe4Tg3WlRNEK0cSwH5BYpT7XsfdU+Ky5hwtCj2ZkYxS84BQftETY39RdrDSMbxbXCkXRmRxGtqTaiOQDCD3O6WLa2SNmHhLsrX2ba38h8Dz08ltG0udTfAyj9UWtGTKaE5ngvJO4dnqHDOk2DbG+IWHjLNcJhLsbsk1nYbj9y9zVRKyKx93AKlhRY7JCIHmZuxsyk/lYHX5hXopeM3nYGlvxQGQa1t35r/yUpxvf0OlqJsZDXEZvAzA7IOeJBH3xZlYY20PPc8NhJcMi+8qQiiYGsboBuid+otVdQmNxElqb6myrYWn9KsMDSNelpgDC1rDn6LjMHJGKamuvMqvv4m5gb2v6ByaD1Gu4tOXYr8rhoe6z5ZBqN20CSmcINojra2mI8xZH179FA7/ANmyi/gmH3ge6dA0+E40OLqFUXKwaLndumk9BvfgdzNIdRTvVZLCMjaHMsTyGh3dSCBoLvNGNzrvxEdVlkAnSvBNprhnf3Od2fZcgvoji1OX1Xs/EM67q3mgEY4h4O3RRl1aJ0FNeG6EKnsMXqsJz7EdF1DhmHBYTlKOndY8DpGtYC4NTXMpw2hrufrl0UM8v4jGujDe+axOtz3dEZ8TW1nhOq8um+mrA3iOJ1AyCo2L80Rsxe6MixQRRxDMnVG2Zfnarqx3CtDG7RNe0jmXdx6KxRBVOjb8FhZdbrJWCI5rE515UqvK02NgtwBHwH/6snOFGkzaBI5pd0U8DW8zs8SAaelK0AHG/wBIsoOMcrx+pYJG0f4XXLwuC4hk5g3DdBMLZLc3w5d1xNskcG9zr8lDFsxDXEU4nMjzUTWtfcD8LyeoPVP2OaO2MJxOd9K+CdHHKJWdCN11YWPkB7nouTaGlvelfEajhOZyCbWRGqLgVkeG/v3RY5mF/ksKELo2ObfVCSMuA6tKET/9J3CkWmrCws8XZcSV9Od0TvLcGSaOOSLxeR1pNE+J2HwgNOSAG6l2QYBiWTCHDqjHKBjC582nQrBga2fueu6bCOeQaoOLS5s8eGS+jgm7PO4iP1TY4Yy2tb6oAN1RkboNbWN/h7LJoACovCaxujdfVYHjEE6pTR6OCsStWbmOrQqQSCjh3GM9RS4M45b17JskLg6h/wDQVcJ2Ls3NXhw2hegVg8vRZIm/gq0LVb8V9aXIHYv3Kyse8tNAHqsLQEDog4m2kZLG00V7dpdKO3vLFBhhiaUQ6I04kmjQJTn8uQvJAP8AG00onuGdJsAvhjUD3lgyvsFhjAYPmsUk8mL1TgRieczSorXcQ9zUR0CtBCUdU2GSy1xoeSxNYAe+4TDqsPZZo2LtXu0VqnIjfVoeShfWXQqiqGdJ3FybIVDs55IWcxPdcSO2tu6uwU90lcGM4nH83ktcDeydBAcxq5WTZVrxuTXcSOGPpWqxRPum2SRWatpQHLZyTRPbnPHyRaIy5vcIszHqg1GHrWRUbHCiJM98sb9Ky9U4N0G7tSw5rSx3RdluxYd79qacmOohdlVpsDunMCrY3Xr2XHkc2ZzM8PRAEinDIpzGyU5mpR2ZryWXzvPQdlbACdaUsbXc73V6b9VUge0pwnaXEaBcOmQQO7ogOB8x1TpzmG5NRB90rGNFiohSFYsz5KPa4WOa6+dp/lHDasog9c7T3Udd1K1kc+xVPab0WIlPa6yCcqTnNFWtFLC46u/kLR+LqToFi6dymirLBSq1Wje5VT7ewHyBKcNilc4ObT3EIRwMpgPzRADnvazE515IyPNk7+mXdePD5aoj32aHuFxtoke51+ALiMh4dcvqgnDqUWyHxZZarUnOlQyWHagKPUqoHMcR7o6rFL8GriTeB2jeyrAMPmuUjdeqorJFhyOoKpznFODHNGEXR1KqiCO6hj8OM+IqQOcHRvbkUSBfXNZIOl5GnS1jAv1WaDBqVKXXbcq8lULw52RDSpmg3IW0c9L3aLS/ReF19lhbJkFxI9QnOjiD8QrMXSa2WSydR2QF6q3Z/wC6Mshu9EWjKjadJeYdWHsEyxYTmvzDvaMvt1/75LGPmsy4I82WJBXusb70TeCHl3SlFNNWzzVzgZ2mbFFQw6ElNfOIZQDhMfUHui6A8P8Aw/8AhU2PCB31WDXByhDqqzNJ7q0YVNWt/S06me0YfHScWWbGLRWQsTjQWJ2EDoCg0V8FiOFc2Z6oujcQeyMpHkFpoEHO06BPjpW+qey/RTkN8TckBfmocEgjmjNgkINItt6gK0Ah927bG3u5YpNoMn6W5LBAxsY8kcLSmSvvC/MEK22mluXog6/aBoPqj5m1luk/yymyDJ2LTyTJJYpZAfy6Ix8GXC7lDA2lhkbm00bXWR3S9Am3bvhkm4uGHDoNVzOrf6I+WZ9U4/AIyOBwN+qLR3tyF6Ij8unoVxGhkf8AmOr6JlzbO3D0F5oOH2aPvhuivxYfqvxovqq4sX1TjGY6aaz6pzgYxRrMr7QHvxhuKiMlxAw48N4sR1To3SltC8hawEteKsF+Sw8aBrfytsD+ENndLA9oPLd5L8aH6qOMua8OPuqF0Jw3lTzYWIv2f6rx7OfiUGvGC9Ox+KvuwhEj3SbUcXe+qOJy4kQOA5ZaYl39VhY/A3yFBPbx8Lh36q+OPnuCvt/KPrkrJyaL+Kn4ml/LcAnvbRw8rP8AlWd/BgAxGMUoXzbNLgac+RcSTC1v6moQiVnr0XB4zL79E+DZalleKqPOgqmGF1ONFGV0bhGAcyqkdASMuelpsnyC02T6LwbL9FjY3Z2u7ikyOE22PU+e/Cc2HUJhPMWOo+YU0R0tSAGndCegRnlcB+py4OzxhsN3btSuZwYRqrJe9o95+nyQbEA3DmCEcyL6XutNYE1o6UFTzyDmeuG3wXe4IoOGzvo6IwiJ3EHurgBh4l1hR2eSB7uH26I8Fksla0FhdA+OK8yUw8J3tPD5r+7yJw4b+IBp1ThHs8uepTWMLnv0DU+R0WZz8QXDjBc/si4xZDs4FOmYLY3U4lxWx8VkebgSFi2WEZN5tAg2ZuEnPW0HCLI5jnCAmZhvRTA9QE2doBLDRQLaqw4o7TtF8G+RipoATdoj6mn/APKDIso25DzWTbIGfksTAZmn3huLkSfQLXO7RHfXe3M0TWSjLxYa/MLFB/URG78pCibOI/AaczqsH+IVtg7Bv8Jk0dB19vNOaXinCjkv6d+pzf4QjjfTaGShHeIqV4/qQaW2RHQ+SL5Q52IGyBdLFs39R5r/AA3hbdxgwSCs29clgfISMJK/qJ/K9/8AC2ryCkmawukf4QFHOWFr2eIHotmfG4tJrT0QlebcT/unDvS2jZx+HqnA2BmFGuY59lcjsLG54Vhd72hCxwut0eTmH3gsWzbQIGH3C6q3Naiwe6quqWW7PJCVznL7RDy82IJsk+yB8g6pkwZysFUuN9k9r+fqp5XsNy1ouBLGJI+gITmR7JE0u64Bktmbhd7EgriSbJjf3K+0PaaDcLQEXO2FrnnqVx4uW+g7IyDY2CT81C0+V/OJPEFh4fCb0pTN/vEbzisjVPbBszIsQrIKOLZgYsGSkh2kGXH1TI5NmEgYK5s0IY4xHH+UK8Gd6oOijJxZEFywv8VdExgzedPJZuxEau7o4CGt0pcxyOhtAu9nJ7r+/quI2LyNKyisDfEeZYCcT+u7BfMge6F9Ud9AKsbLXMWhUDf9pmhZGaux6ogdNXFRhgpxyK4bm4gNXJpjBuxynqExrWkEarNtjRwTecGHWuoWEeG7HkmMa7RNT/RP/apP3lO+H8qT4pnomfcZ67h/bD9qb6FD1Ufqpv8AWj8P4TfQI/8Aeil/bud6r//EACcQAQACAgEDBAIDAQEAAAAAAAEAESExQVFhcYGRobEQ0cHh8PEg/9oACAEBAAE/IcJROJopTwd2IufAOP1FrffggrCjOCnjmEiaDu6M2YVWGPvVriIBeCa5/EsTRMNQ7JyECvJwQNHM6k6Szdyn9wRVVuEUhSGmAcVB1gaGwFX0QREPTMyq4CrdeNFSvUe0w2zhzvKtTuT+3CTuADx1hCSNaK3ozFJv4uzMmvwucRL4gLir4gGFwDqcsf3diVclS1c4X1BP8dxcrCfWYKJ7FAqjcQ7CVSlPMqmWCo0FfeIYZjXcHW7vrj8GfploQobL/BVicsC0NvZnZzvKBdEw5YmGvdysTJVYgOsKntN2x38zv1Nx6GalAoF0ztQxfLEvnFdkYHsSOoBusdALn1qbcuQp4mO7DwqU3hnkB3mODjjl0ErGFBF5iszh6k2xWXtqVmWCw1MiqnQg6zqP43/er2igDouVGWF08ywQAz5lzZ2YRD1YXOztUQu2aCLFbgyytEWyHUDORoC1lAlMOJisGQzQfUHzNuG+C/aVUfpfKCYfkyRZCJfxAK4VDGbr6iky2uTf4P2aDad33hD1x/eeneITrY5G6v2Yl1igDsW/ZBYWrYfuO2WUmX1xKEBMGxB/nS31iLsxEaiekvxmn4qrpmBmZnzmJE1pGK5hdh7sGA2ke8dYuQMqIlSP3GjAakP8uJACbDUBKgZWEjBE8Ac+Yeiuubb/AHvE1uZwAbx5zL63m8448zrhiRA1UNiu5mC10lDEnKvb3/FKQVOhdj1P6jmFiFWoVbdTldl13r9THh2DErup4w8zXrHzrY6IOnNJevWoecK06Tc77R8XCSpqmsfwVuLF2cELg6w1JYA4nrKESqvwM7L2YLLeWOhKngvP3IfmJFVgrSNPrNpCWlVS6RLXPqy/uAPlD4cy6wUqeu/qW3eLWdA5BKcjNkZk21fu/IoIUwOHMtgvKnNJUfY/Ex+lG4tuG9N9f1BvJqtuY/QBtZeifDoiFANGEFkD6RUL3objm2+3dipjnf52hs6eiH92SA2urR9yzOmby0lqyV7RuzPMYUje1AY8AiTWXZ4dxMUYczhaa5q54/chB/CcuGyv91OzUh8BLxPttTxEwiLK6kalRFKiY6s1OFZCgsu4wo1MjXaErBOjDkxScjMDHRoL9yWj6mJVm8RLpxDgIgiG4vkhoa1LQQnqhKqk6ioQxOS26lojVYgQ9GjmXGbXrKaylqli2wvdD718JlKr2pqLl12saZlZJbtxnMcmnJxDAc9YgQWdpB1OBhjxGDH45XUmYItfKlKGx0LcVfbwOH0THLivo8Ildh+RQKX5Ey/PT3ZgP0WV63BtNuyKuuz3mWfvITGwcq/4QBWdW+0Kr1Jso3qsfxTr8P1bNm6a8iYnhixUQdc5gXVbDc0ctlhfR6SobjQ/UAVMIG2l6QRCWrOkaPa9TOVkE5+7sHpLuXQYj4tK/UNfNEKl6TaAK0Wd31hpLc57TiglhyqczFDHEoucs8Eem6H2RZQTh5muV3PTEKsmEcirNprxH9JQb+kqt8rhfZrfrLrVTghzlcpXFXcDW87m5bhRsydC4As7l8ILCcpOYQ73jQ9pafkYdjHYMFCa1r8KbHFhuN16ab/rBRDIMAu1LJtazgw2QEMFjKZnophqO+Abma04dfcpqS1wF6xcYKgtU5ebnDadnSGMJ69F6z11TMYBtKgVbO87jfiE8BHxBUibJwLEr/hLP7neL6PLDRs9+dG734igbBRNZxi/EW4Ns9uIFIEWHUbWTbv2gHJXELvwjb9TPgbyjTLTZ5m5BJiOfeUMtrDjbNSxmwHtDVHTiZNSd4wbXKSqpnUb/E7ftGYCm8sQbjB8x6pxpAiiBTzEgNjyRNcxjKkbNgiz4sRF5dNXE3BgOJ3ElKDhdxJNL4Ll6Rt+pgToQ+KemchVXMvwKjD6StR72afzKZwUcuIdHB1ovnpDLEldL+4lUnKytQkfrBgtth5dsRAgaCOiUJ6dXAsBqZzF3aFbypx7UcWh2BGIaOWOtrEzKvDA6Uy7BiYeIKtu6NnCBZrsXuITGKdXrEM8tWTKuwRKTEnLGJg7vdxX8zAqBFestYt+YJDlUbUsarnpLz3j5Vf3Emx1mgeYldIOjz5f1Gk/xCXoMoHKcQfasQP3ITqmgAX0mR1ghVDmdRdWCpw1mIQDXE7gOgEe81mN2i/EUqvjWj9yvR0aIqT/ANcwao6YVJWikq5nFzqVH7DhIBsJxILIfpEMIAOU3HPFeCFJdTsEhTCuLFm12rlDKNckF08OtAwi2geLlHEa6ED1IwqYOEoWXNWsqaPgKv4g0pTwQgdC5J5tXzA8uMUa1G/XXgjmL6JBCTUJWXRzcpWw1i+u3qy0Gq1KZjO8/MbRUYb4MQo5rtlqKWA4XCYClivJ/VL2Wxwetx7QQVz4MMh0lwqZiNFKPInt+4qLRzM3aunUlHIboQzokuYNJh1mZa9IGeBXqqDpo9CDaZOSG1w7Sscg7nIxisPoJmDIcLGHXMa7JBdoqSLL4VGCYx4MrN/9mUoqDy6RhnmwrpNscU34gBZnn8S8q7x6Ts1/BzHE4BzgXCWhs2U4CEGb6Ivlz8xjfqAsr1g6oXZCkRfqqUiqNdJiVqG+p/cTPJXK/wARFiLFsBKCzh2ljBXLpLKzg1XaIaXueeY/2SDEIbtd4tmznyU9lgDAnyjGhdOInLaKjgY2hWYglmZlxm8TnId11lOnbpzMOqH+ZcLtuwgZvyRq+b2HwThjtKlt7v1TuSjZxHyUO31g0XkgXEGdALeIVAbN9NR7hV0vyfxLM1iNtHEujNfATZfv7EUUeaWUFywD8gOfaM9pyXvxmZkF3T/USje3PlAaA3lh8kquYAOIFO4xx3jwJkdCWANXfTvAqBuHC+fb5mEIlLziJmNgY8jjp6e58y205VgOkThQwVaC8dYrThl7qURmTklMlc21jxMb01Vn94m7e976zYkysAsBbXZOkXR3FdUGVRW03HphRbMqewJZ9SsGbHzqOBkPcg/TB1X3Kd6mAgOTbPmZuDiDhJaEDafW5mLaHAYIYhgsJ6v7iyLV9IK0i274gDavbywoXO116PSOq2gDAZCta9kahW4Gr4PBBy+xy+Y+4IdwzqH7R0J5tfKzMyQwwdzrSYjC6Drf6S0enn9I/wCyfEKayCT0QiU7OjEiOKGcC2BU2U5m5IrM+SHgzXIfa4ToPUAuYGTv2mJe7+T9JSaIjf1HOCyTgj3JcX+s1SHtfZL6bqX4tJ/mqL/iNo3kNdQPmZ6BVeTDMTOMYqU6RtegPvEo6q90oVM3UEe28gMjr3mVZ0rskobZdCUL8PL9S9vm3VUJdjIdG3FN9G5zHsZmCHirf6REirtfxpANGt6vU3RaWeJQnntFeZgqItSi9JxDS8tulx2CALunEBvCgUhL3SQUZ1EafaWJ7/iOnd6fioASa1JWuzRp/Ki3/wDQHeaMGgep7QxBTTHtDz8HkHp/cCmJlPglP7wWXr2gZQKG6fSIsA18vAgmd8gvpCoXVopTETFf5sz73lDOLnmKuPkv4/iVioNnLEekudm+sb2er9xoXKq3Fzd1cxeR8xcdjEvkHVwT2dca0+obYq5iB9bDNsJnOkSYRY+tKcczBzw43fSZQQun/mFPSxXnpEbUW2nsMynXgFV2u5XJghfC5jPEWGX+JT1lMLHpClo2bT3jdXusR9ScJfg3Hx4c4jUUWXIR4SdrFSiG6wTFUSgasQfSuYZAL1junUMD6XvLEY6jBNvECzrCvVg9XMsrhX+BbmZYgFzIuPXV3T0g7pN6ffMrWzfsejfT+YCuFHwxf++ULCyvqWZY0QK5IZ+6jPEnA5mHS7LW8zAN03ieU3zCKS7/AN1mR27cPFYYNskhxwP8zlK46xpAGBRXCKrw/TL07prWsHzcqXFWpth+aiJxhY4/Jy+iXw1YTD290TqFP3LT4Qwe1Knp/nbMc6pej1j3agygO0da8rC/5SCcmryX8+YwEPQi3LyxWz1YGDB+ZppXWC6IO8hSgKNgGYyAvDc0wAXUvMr/ACAto7ilALXSHYlCuIFS9GtQ+4wBfVfG7VPkVRRUrsCqzpUzkNwQxNhFeR94gMzXqtxLwpnmOt1Kdv6DFtyRoMe0ySL4CzuyKQ7iQfEGggthslBgJoViOExBUa3mCM+aTPtOaa1jP3ObwFYOc8ROqLq+c3pbTy2whNaPlcJgRmw+ZSXJYR8Mb74l/H/tLqjeTi+0AdazK8Aw/SWpdE8QK4gkwL8QBFgZXiHby55mWIL9EaVXMoYxCN5ZZRmVS1BRJdKmZZyHj/wjM44RblkOjPF+AIOHiNhWxXTrAoLur+IxyeX56SjkD065fqZMoDLhDL8SpuWXuzUuEtR+oyHGWC/cipou9zxNW24efEPgUzjbzPnH8T5ifAfc/wAjrPh/R+E+vPqTZOENT/J2jt5jr8uP/BCG/wACaxm3+t/i3yX3Plfonwvoz532fh3wiD/LuTbD/LtP/9oADAMBAAIAAwAAABAQvA4FwA1Z2nFw8Ks7hlZkLFmjLRf3kbejXwAA5SLFGJfLEemTEqsqLINt41DBqrv267FHbz31ZcmffxDD3/GuKYO5EQe/+cgJOMoXTh0t4ECHSfQNapodSfEdtN4yY4dENZsWPf0S+yz/AHNodp2iF5qJMofWxkuKOs2iC2lAwQaTFBXizX0HrkGT58DAKGHEiolJqFQM4AJMkn/xe//EACIRAQEBAAMAAgICAwAAAAAAAAEAESExQRBRIIFhccHR8f/aAAgBAwEBPxCR4uNdZA9Dz/X1BdL2CzjY+O4G5l2ZTi2eOoWM4u3KFB15OL+hO3JZtsV1b58M+DDlkJczc8i4J3Dg8bY8XPh1duZBXrNoncF62LsWtf6Pv46fGh3BytmyE5V1PosDNk6LMhAEfBBvtuaaR0uYWksfBvRB3G9CEaWDiWku3kOMSpF2GG/z+rS5sdH6IxRnZOoh6uHLJvJFmy5DGW9wxwzLcIDYnxJCkYMtdYO4Tl48lOW0ebPiTFzhBXC0suyZnzJyxLgbfQn9JzFfqPsnbczeCIH7WLYN5bJ8LldYUjGOLazuMieYFnGyvMESRXeXu+1u3CG8Lk8RwEdbRyWk6PFnwBInSdPC/YnB9IDuQyXoI4AMk2MNzy6yljPL+WWfGTqOKXcgTH/t+xhhLx8BPBL+T2/zQG6xs6+yMMbcwBywA3y7s9g0S5knA+I2OpbrtvkczMs/AbZJkS4wwh5aTGeOLzb/xAAjEQEBAQABBAICAwEAAAAAAAABABEhEDFBUWFxkaEggbHh/9oACAECAQE/ELQeC55YRA7nz5/v2fc8PTOjkPu1Z1RslZxFqrmJJu4xpi2hsM7owY5YR4Jddf4IwC7VPEd4JxHhvjTfHfL7/wCRRikGGR3l8loRXWdHoJvGFhxJs7hw2Z3I5gyLVwkUYdjlvQtjHMQw6MWazHEcsJRHe1zDz9wejfMjl6fFwnj1ZmOIT6XjdMx5ktBIFYWI49F4XeweIJZzMfRCXgzD4+IjfPzDHPaZAwwwl9SZ+1nHntDEX6H28Q7nefiBXCw4bMjonEsYjGrC5bn34muRn1HD7sjy7MFkh3sxeLMPEs0LYM7WlgyJd7V6TaBxLZva54bFYeJtdh6bk5PLtmuDbyBzH6sU77EGTPo3JrZq1Fd2ZjNMsFZ1bcRBHSCyxsbGyxtWNjIQbpiXPm8KYNsnfi2R02JBf9/0lcDs1zK9nH9NeIe5dvfuE3QUz4hwHz8sMK8vvPvmEmjzz/X5tceQ/llNDih+bIPB+4DhtV2MDCUzDnI5gjoMaN2DZkwJXSLslw273mOen//EACcQAQEAAgICAgICAwEBAQAAAAERACExQVFhcYGRobHBENHw8eEg/9oACAEBAAE/EDq4wlMgKa1jh0SnA79R47dYAZUXoOvgcaN+W4xXCjeXc3LvARlE16rvQfD9ZUL7LQag7N6wSmiWRDjSZ3TkTV0mKkt386wWloecBBuq7/73hEQNYExBA3k3s8/GOPRvmv5ExBRYDflyZ+2VChnTXP4wG0dZOxpm3iu0gYwpS/8AHeERg184IKod5RGMhhPFxAwvTpwSQPZ9YN5rgHeUBR09BPHK3QJ8mDRWK8w7rR+MjnKh/IPh24HNqw88mrr3cU5UV0UKB5U7Ju8YWZyuWQJ214yNk7HS+w6TBKDXvCO0xR1TvxlzFk+jFi2tH3jvR0fNxqNWgWm78pC995rKRtD1Kl+nBMfzRKv4NfvAAJgSORZyJz7yoy56Fxk/U24ikV9feUonc84VO0S8qSzkxm19Dw5XTeR4ZVz09H/jJWlzcQKH5lxputXr/wCWBNInUxMjbEPzglQV4wMZBe1yR61l0kaO/WDz4fvJ0Vd+2NSAXLH1h4u5NZ4DC/1WKHIG4OsBQDt2R/OXJMkDbdRVPQK5UAxsyQVAE8cY4TE4G089WPJ84skdjQbB/Dj5XpOhDj5F/GJYHGcA81ZL/wC5AigvGH/io1w28FZ4ymnpKmh8KL94LeoTL+D/AFMSdQCk8PXQ471bsFXfp2ax9icQ8VfJgTVGr4UP1kKUJEOzreXIihexnJ7MG0H+2EE3y4PzkIMaBEfeG2ZJmGAW0f8AzIhhC1pinFMH9MOKwtqs38uIN2bHJ8Y40BNrcImwdHBkN7VyFpps2jM0SjB2dY7mzdmPuVQXBrNXOFo+cbX91Znh5U74nHeW2RFAe1XQv5Xu4EspIFgtQ06OcHG6hh8g6+cDq3B6fCZTYc+HlfNP1ga3G+JAhZFu7cQkQyVCj4CfeKC03icLeQMU+QF/ObXzKgntc8IuOHG+3sx6/k4vMPGcjTHLFfyGJ3J0VOE08XAwAh4qbNkpreNDGQGIzbD1sxgJ51VVkDDofIf7xmoQ4cRShevzl1vgyV+kwEwYAERfOFhh7rpq/wDbmGaVbL33iEkvnDj60bSp+wyNiFV4CYpg8td3OcwoXhPOeVgXJWDyYUGwKuDLxtYHx7eHEgLNgrm4xejgivJJx+w+sAQFQXKg86hxhRG0FJLHNHK9YIoXiwfJXs4w6KYGH86+g+cVVtJtdtVblQy1V4R1gBr5ARSKS8xLvBaZBQP9vvAO/OMhzh9XTJLybfwf1hSgDTRwNvlyHtdwXZx9MW8ehT+JhzbrqI5C0fTI30SoOWmucZkmxau4acDXqecHUkW3bWOSClb2HnACQYTzjZL85MRWYgrBdGEt8YN49yvI/rFJsE/OFT2jvJkGh6Uf6MWzaV0s4cZN6y9YlI2/9esrD90APJ5H7yngKLI/Yfxmrssk6Mbc+/TAdugTD5DYregXZB37MqVf20hL841JIhHDac9mbvilqEB9Q/bk87VW0LrFEiSJAxl8McqiV84MYkvsr+zBq7yu4awADt0IRdOl4yfCfy3N+h6w8yFpxr1ge6rEOf8At5LSS7acvzihvloDUKOLeHQ95BmjXbLHy9+AxTY0NYHnERUuIvxO5r8ZAeSDpH/Czr3ih3gAj5t+WPgEjYOgx2N3VsoTfhT85pflaJOZ7195T5ysC+vWBxreJC+BXfeKqTfD94uC4t9hezfWIY4CUX85YLu0Tyf2ZQiu3KnY/gT3mtZEmD7PvXJlgtzgiu8Rh/WCqOKsZ+JEx7MlOOuk9PRLeI/GUvRBaR48QMNK1e4Bug6iiMd55hp8fYj3jrWTVuAQASpA/wC9Zs36YE71t77zT+qGh+bkVN9htGidl35xqg+Cnf4z3AeyImdMCWB5Dr94UC+je/M4+GYqIELMv5DX62jzgB9lkmpN8ux+HFwQHQA8r0ZoIhzTz84duTxt8zH4CQTZ4uOrmg4w+R1upgDAqGTG7J2W+z+jCSDl3cmG77jRGD5LhTFERBe94PhJudAatHWVSRg3qHt16585GuJgu3ZixS6zV85UAxUd+ZhOXIFfgwt4ac1tJ/1xN3pARw+nyY96pAbIiSa/OKGOUIEWGzFxLDERROrRr3vyZyj4XiPjygQ9YqcMCzHzwIZKRFqhA9YKnry4IBa1C8pqOGYKcV9ZdC7vcB6zSrRYHku7/D4x56LsfbV+8SgX2H71jLDTHeg/nAiwW0p3985vilGxjhRACFH8FqPkMrvdz7+w0j5xOlMf7ZSg5srizW5q85V5TQFaSXkyP7wn7WhweX+8f+mzCCzsDx8+89q4YRR+cAIPto9e8SnFQKz3iO2fMRzjB3vJDENKGofnTAWlQRlsBoMDxFDQjsDtzdH3gXG2Lukg+9T6wtdzWWCdWKY/tdGt/b/xjsdg5bzb0dIIZ1zvX+8i31RxHrwODCuWTlwnTl4l3dR9nhnIYMgSxrwb4xsRIyj8P9Mddwa4Cr2gz2e8QmYWxBBI2w0jdxsNa8iPPnByU6amJILbQA5bjpJiUDvvHn2IEA+cE8/V/cM1KIZ1Rp+P5MoWMXQ8j55xTeqCv5TfxjBxJ4d745xzRwgm+GkT0v4ybwLzPCY0rI5Dw5nAeGemOKJ+CP5E2+n3iuDVU5jfnw+8jzLSafKndxCVg2hfuauOOMWXhmUwnUUCut4dAVGy7wTgoV37cBhqaxRgRu3Nyhdsx7YTzz84tOtqL5vB8YV3tr1jIOiA7c7+csO1MdHe3B25zsrBRTrcP3gELgWZbNPq/nHzKo2B5wSoy0vwebpfWLRNbE5o9cYAZQwBpz4Xn9eMPnHqLB+BeIG8XJBwkbq26cA7w8RGtCeANHpptvOF1QLlIVv8YBvXE3EpcQcQ70bK4iGlNt6wWPlGpHaa7+DwuUjzqhfGv9M3eVaKfVyMUtcG7DYE/GC3ASZ0gaiw4hwDiYClQrcubvEGbas+MQk2flnzQQCGReBBNLNL/H0YN+/qoQh7TWOk9sMeY9ZtZUCFnzl5wDnR1+yfjI8F0PPLcWqOXaZKklensw5opfj0+8F1l6yrsuBN0J7ccZBAC4OneEcFB9uc4dpdTrA1TAuRjUHHH/f68mCjiHt/9wdWnRfo87949H1nIx/GNLuDw6/2ZuAwYVseBZMRJ9yNjgIJfeXhKIR3ixpYXv3iFGCnjDzYqeD3luggWl0+DXB/8wTSGsi8Hn+GKxOtyvtwWQNX+EnGCMq8i79u+ck/AUEUVFHpuOhZy1OsWnG/ZlwOwFFPq4EAUWtfBMTpoKAupgctdzrqgafWTTyIwf3gQF34jApg0TPGvkMZ1Hrls+tYDbDy49D8sQ07Aj5F9zJVPJgPIvzjsonImBugJ4O/3/OL5UNCnHzjktIG0cXA2FY3Ft2DWBoAcu//ADGNoqvzjm4yuJugEQkVfprHKdAXguTnGA8D/K4gsRxeikPi4be9D3urXA4Xt0G/ZedFKTTW8vHahCPBPCP8+MIvIVOatw2aeOHBvXMOoKLWnlgZvT8RJCanBy7fbgmTqjI8qOgPtx2qpajvH4hLHlMdhcoSeqXWIBoCMjwFSjmptnNvhHImOi2EleUj2yQ1vRC7NcTebiii9p/4ZumCneu81AANF9B7mHOGiWacd5hTfnDXpbX++vrDGEIIwhsbTSdMe8hSyRg9YBMrZ3hukjrCE++Pzl4CwTr3+THo4cWyBJQveJHColL4yQlbOfTfOM7TH0thvjUwxibpAC/r5xG7CuCvnDQI5eLyYV290h84rtgUXaX73WKE5IxPAG+POCwak0hD+XIRHE+lLU75DvB3AQsBpJx+sKV1NBNTn/t4juONZ7mBqhqoCttbB4lvOVHr2xDe9px6OjE9HCJKbKxGHUfnH5hSrLwfiYiiXv38Y6F6HkenKpoTQHpU4+c1DbCMfLWJI+MELpvmPx8YmHoHUE5La/jHB3Y0T2vc1rxl7F8eW94EPLJ5x3YA+IUnjl6cbynoky2SZFd5at6d9nP4yqDzKbcf97wcUOyDnfolyeBfa9aCezE1QEsY1s86594HX0OE4euHvrGgDJIQ9SZrxAAGQ/vH6l9vT5MUwgg8mbpw3FjlF2KNjxH9feG3JzUH4x/XeLPI8L8pjjtc+JpE6y8QypQis8vQe8Go2Mp0JeT+RgxzANHtp/fGHKeh6rU1zr+cSKY2ajuO8sIE1pdccO+7lplBujSwnAa/OaaEWB5K/BfvEIUSc3BW7G642+cUTfOBb2fj73vJ9pDWAnOjp0YTyhYTELA7HTGhTernFiWi4mtvl58d4qbDpETtCXzksxZWgJQ6NtdAYTuAGrsXkdOb5tyApZ3evWK+LkvXx9YHde5FOv8ALiEwTzTA8DLz0rIGhrzE3jFlGjdQL428e8hDQGUa0a9k+8ggBfeMPs0fMd4puu0Y5pev94xCfLWu5OMVReTFAi+sVbmafPnBJUruOBuUd44ERZ5zcBR4cDDtd6xzR4hj5YoTYWT9HGNEaXKR9wgHmxjhGwkIVFQ2RfNy7BUxjaldD+MLIbvZDlLn04iNrO1bW4fr3kg2FK6VX3txIQUOwyL+bhDpAgTKT159YJk3Giot+3JsdUd5nwdflwVCIAh+rqWTWDtuZOV3UacDvRi0FXsjnXnNKt9vwGBsSxI/iwjKZzd4ie5xzHK0WaUL8cPjEWGzPa/7jBi4UNbZ2GLTMI16H3cQE2LRvj7LoMu0FOgHn2rtcVSMHhYmn1pO9PWcUKCpQI8vX0xMCprpQ11t1f1lSQLOke7lYGkh3ywmkE+XnI9njUlFqvRV4DvIISkhoDxlmS0KcsS/q1jrKbuQJ7yIHxh2Ta4uMAjhTBOTiSb9CrutcOt/GLGwEOmwXksO7+8C5Em4B5vXB/OCeMJCb0nfxiRi7LfllFaYjVd/iYhpcT5Anm3Z25uCq3Stf5w0Q7pP5whdw28LK/1+caOLacbZFqKqPIQ1KGDeLcUTtPa3Tm5AiBQblUbZo84K2eQOnPTkGL1Wvy/lhc8sSfASYqiFd4Kkb5aieM4/LAOZeXjJAN9WI4ybvRklYC8pIHzrOsJ8ugPQ1+cXiGHpeX85tHYSO6PlWaxTlc8xoPpZ7VfGE5QUTpxMGPJKQF7Sz6wlIaMn0g+LZlgTNBXmV4dOs0PSC/YCnwa9ZX5EmPPOVU69DOjVnzvkBZI4uemzICBQKuM1xm4JK8CpzZpmW43BRJpZ1xxjy7kkxkR8jl64R3ek83vGawsM+jb5a4ySW4nnwbuYsoL0Y5Sjts8VCZcI+FASspz1ldlrwyq5d1Yjb9gH24meuk+bLb6wWwGFxXAmh8BV+AOL5cEo4XuDWHMP1rzhRWhCpPcbb7uIDSZiHTHcbfN3gg3gLA5cwoo7Lcq4N5y8A9z8DjAswtkoReNfDjsAM74wa9QamM5C578z9NfNywcSVdkyb9j9TGHNaulH9H9YXi0UKFp1ak7zull1m9DreRuL/JGKebr7PWODaoqvt/woa6UH84GSvRoEl8scKCYsM2LJvHunoKroJT7xQp1y1KgV3v1kWeM4HXwXvHHdyBOTga1PebCIXBZR4/8AuVpIOnQLy4qYKTY7NabxW1zWtWchn/4GdrUUB9jeFP7ok7nkAN/5Y72rw/oHT/WJfoOKhqPaxqOhtu3k6Jz6XIziqWBGPhYPlF0RErzeIeD+guETGR4OK6fG/L1k7daFFpJ2+8cpK5+BlX5UwyYYQIQ3w+OMXDpvi5PfzjAvHXX1iFmvgPb6OcEqhAIeTCYFz8gs/eaEIgNocfZmLDQYAX8zo6xjT9kxavz0TnL18XfOzf3gSu0JHNi3KQIWkhyxy0ApnFtMLrcpTqAvjjAlQEJL4FWXDCDZ3gFODIAIIQFA32YpAiR0a/eXGpTNpaU1lSyC9eItXrHboIpM063lDpm5tXQWvOjeLTlpanlTAHlmVUdrIcxK/RixNtqhXYLT0YAYAACijFpLN8ZYs1AVZUUrc14zWDVBUnLTrjAF/gaAjHXk5wLEX2XBEvq3DUsAQ4gfxnJGEZE5TkyIAaotqVmh3i8DKxs1r+XvDT3wlrNdEehp0f0fr3lbuDobqI81XfGOXdLYuhBrfvW8D98a75C6HCf1loLvDJpgk09v5wTx+HBr8ZIcq3l/8D84KGCA7nB8H84Ybkj7uBrQVavDxgEmM7Gwrn4yDum9Ty0W/DljPw8E8gfD6Y2/9Vg7wiT7yqwioaiUdsAr1jgsTdCJxh2Cl+2XvqmoVN5PWPdUoqAyvcusniG0mJTfXi4j4IsELIKXYpjdVIjrvgRD4usSS6LgNB53BD3zvAz5AuBInjCwuAQImg4yK9Yf8+sfrkiY4fGz4x+D8YUBPh+WN5VCKNTFuTAi0YfTNXDlK35VcFQgXY3A87j6yc9AOyMPihhmTe/kUxGirzE+OsOgYLZ0CPKn/wAwTQgSA+BQB4hiz1f0IeIiNTXXAQYrtHNGnE7HxgFvv1j+imJkt0dEU4+hMEeQFj24xpDQSm1xE2eM1HhDzi/ocgPgP/uA4WoK1+OcDUEPaWBvgW7wjzWuB5dOifGFQwSAmS6ZZqzJKAEI0LeWOUC1QcFqaDto4u+0gsRUKPjI429SddvCTajnQdzTvjKrINVg7XnjAbSXt1azFpBFw0qew0T4M3DRAq2oVW7eXLoGKgDCR8GvjNveFM/BGsYqCiYDYESaTjWaFBZbe0BWLLnJmIECBE+3AYm4RMcB0g4cJgLAEAY6/eMEcRAh0AAA8HeR0bVleN8PxjptixFqGpTJjvjSLOED55MCZpzgV9HrvA3UovMRB4gzAMdsFIjv7f1MNhuIGefJkIDr4GXR3P6PnDQc0mzyjcN8GvGApwj+srVrleJOck0NvHq/owgUtng3r5wKgFScDtwKFDga1/GR5vKqy6yKLdIdHjCg9afnD37F3jqFfBlIGgAc4JSNCITres1oB/EHnKcJykn7zRYfgzn0a9GJ4H4MA9H4zRsT4Mq6D8GSSifBijg/GdYYS4/AzeYH0YOKJ2xrJ9iPEX/DCnPk78DvNMz07wB/H5mINAS7BULwu337yeBJBBDjIHCdOOGPAtNca0OskD4XasIu9I696wGwpdpxOQ0ETiZGGAmB1DtgXhOZlTuAJhKh8euMPibd+1r3n/Y8/wCSzv8AgeX+EH7/APNzhm/S/gZ+q5/I5/F/gX77P0sM6x5fOGHed5z+s4v+L+2cDOXP65+h/ln/AAPOf8Py/wDwnMXv+L4P8c/ocP8Ap85/w+mf/9k=\" data-filename=\"IMG_20240209_221923_327-300x169.jpg\" style=\"width: 300px;\"></p>', 1, 1, '2024-02-11 13:20:57', '2024-02-11 14:13:31');

-- --------------------------------------------------------

--
-- Table structure for table `article_tag`
--

CREATE TABLE `article_tag` (
  `tag_id` bigint(20) UNSIGNED NOT NULL,
  `article_id` bigint(20) UNSIGNED NOT NULL,
  `created_at` timestamp NULL DEFAULT NULL,
  `updated_at` timestamp NULL DEFAULT NULL
) ENGINE=InnoDB DEFAULT CHARSET=utf8mb4 COLLATE=utf8mb4_unicode_ci;

--
-- Dumping data for table `article_tag`
--

INSERT INTO `article_tag` (`tag_id`, `article_id`, `created_at`, `updated_at`) VALUES
(2, 1, NULL, NULL),
(2, 2, NULL, NULL),
(2, 3, NULL, NULL),
(3, 1, NULL, NULL),
(3, 3, NULL, NULL),
(4, 2, NULL, NULL),
(6, 2, NULL, NULL);

-- --------------------------------------------------------

--
-- Table structure for table `attributes`
--

CREATE TABLE `attributes` (
  `id` bigint(20) UNSIGNED NOT NULL,
  `name` varchar(255) NOT NULL,
  `created_at` timestamp NULL DEFAULT NULL,
  `updated_at` timestamp NULL DEFAULT NULL
) ENGINE=InnoDB DEFAULT CHARSET=utf8mb4 COLLATE=utf8mb4_unicode_ci;

--
-- Dumping data for table `attributes`
--

INSERT INTO `attributes` (`id`, `name`, `created_at`, `updated_at`) VALUES
(3, 'وزن', '2023-07-22 05:41:56', '2023-08-01 10:27:40'),
(4, 'رنگ', '2023-07-22 05:42:05', '2023-07-22 05:42:05'),
(6, 'جنس', '2023-07-22 05:42:25', '2023-07-22 05:42:25'),
(7, 'نسل کنسول', '2023-07-30 23:10:02', '2023-07-30 23:11:18'),
(8, 'مقدار فضای داخلی', '2023-07-30 23:10:42', '2023-08-01 10:26:56'),
(9, 'تعداد دسته', '2023-07-30 23:10:53', '2023-07-30 23:10:53'),
(10, 'مدل', '2023-07-31 09:20:29', '2023-07-31 09:20:29'),
(11, 'سال ساخت', '2023-08-01 10:27:58', '2023-08-01 10:27:58'),
(12, 'پورت ها', '2023-08-10 10:06:15', '2023-08-10 10:06:15'),
(13, 'تعداد', '2023-08-10 10:07:19', '2023-08-10 10:07:19'),
(14, 'امکانات و قابلیت ها', '2023-08-10 10:07:30', '2023-08-10 10:07:30'),
(16, 'تعداد دیسک ها', '2023-08-20 15:31:42', '2023-08-20 15:31:42'),
(17, 'سازگار با کنسول', '2023-08-20 16:11:49', '2023-08-20 16:11:49'),
(18, 'ژانر بازی', '2023-08-20 16:11:55', '2023-08-20 16:11:55'),
(19, 'مناسب برای رده سنی', '2023-08-20 16:12:05', '2023-08-20 16:12:05'),
(20, 'نوع دیسک', '2023-08-20 16:12:16', '2023-08-20 16:12:16'),
(21, 'کنسول', '2023-08-20 16:12:28', '2023-08-20 16:12:28');

-- --------------------------------------------------------

--
-- Table structure for table `attribute_category`
--

CREATE TABLE `attribute_category` (
  `attribute_id` bigint(20) UNSIGNED NOT NULL,
  `category_id` bigint(20) UNSIGNED NOT NULL,
  `is_filter` tinyint(1) NOT NULL DEFAULT 0,
  `is_variation` tinyint(1) NOT NULL DEFAULT 0,
  `created_at` timestamp NULL DEFAULT NULL,
  `updated_at` timestamp NULL DEFAULT NULL
) ENGINE=InnoDB DEFAULT CHARSET=utf8mb4 COLLATE=utf8mb4_unicode_ci;

--
-- Dumping data for table `attribute_category`
--

INSERT INTO `attribute_category` (`attribute_id`, `category_id`, `is_filter`, `is_variation`, `created_at`, `updated_at`) VALUES
(3, 26, 1, 0, NULL, NULL),
(3, 27, 1, 0, NULL, NULL),
(3, 28, 1, 0, NULL, NULL),
(4, 26, 1, 0, NULL, NULL),
(4, 27, 1, 0, NULL, NULL),
(4, 28, 0, 1, NULL, NULL),
(6, 26, 1, 0, NULL, NULL),
(6, 28, 1, 0, NULL, NULL),
(7, 22, 1, 0, NULL, NULL),
(7, 27, 1, 0, NULL, NULL),
(7, 28, 1, 0, NULL, NULL),
(8, 27, 1, 0, NULL, NULL),
(9, 24, 0, 1, NULL, NULL),
(9, 27, 0, 1, NULL, NULL),
(10, 24, 1, 0, NULL, NULL),
(10, 26, 0, 1, NULL, NULL),
(10, 27, 1, 0, NULL, NULL),
(10, 28, 1, 0, NULL, NULL),
(11, 26, 1, 0, NULL, NULL),
(11, 27, 1, 0, NULL, NULL),
(11, 28, 1, 0, NULL, NULL),
(16, 29, 1, 0, NULL, NULL),
(17, 29, 1, 0, NULL, NULL),
(18, 29, 1, 0, NULL, NULL),
(19, 29, 1, 0, NULL, NULL),
(20, 29, 1, 0, NULL, NULL),
(21, 29, 0, 1, NULL, NULL);

-- --------------------------------------------------------

--
-- Table structure for table `banners`
--

CREATE TABLE `banners` (
  `id` bigint(20) UNSIGNED NOT NULL,
  `image` varchar(255) NOT NULL,
  `title` varchar(255) DEFAULT NULL,
  `text` longtext DEFAULT NULL,
  `priority` varchar(255) DEFAULT NULL,
  `is_active` varchar(255) NOT NULL DEFAULT '1',
  `type` varchar(255) NOT NULL,
  `button_text` varchar(255) DEFAULT NULL,
  `button_link` varchar(255) DEFAULT NULL,
  `button_icon` varchar(255) DEFAULT NULL,
  `created_at` timestamp NULL DEFAULT NULL,
  `updated_at` timestamp NULL DEFAULT NULL,
  `deleted_at` timestamp NULL DEFAULT NULL
) ENGINE=InnoDB DEFAULT CHARSET=utf8mb4 COLLATE=utf8mb4_unicode_ci;

--
-- Dumping data for table `banners`
--

INSERT INTO `banners` (`id`, `image`, `title`, `text`, `priority`, `is_active`, `type`, `button_text`, `button_link`, `button_icon`, `created_at`, `updated_at`, `deleted_at`) VALUES
(1, '2023_8_15_1_53_19_352328_—pngtree—sale hanging price tag in_9347326.png', 'فروش ویژه', '<p>فروش ویژه لوازم جانبی کنسول پلی استیشن ۵</p>', '1', '1', 'slider', 'مشاهده', 'ed', 'fa-cart-0', '2023-08-14 12:24:59', '2023-08-15 00:38:58', '2023-08-15 00:38:58'),
(2, '2023_8_15_4_5_40_602939_slide-1.jpg', 'لورم ایپسوم 1', '<p>لورم <i>ایپسوم </i>متن ساختگی با تولید سادگی نامفهوم از صنعت چاپ و با <i>استفاده </i>از طراحان <strong>گرافیک </strong>است چاپگرها و متون بلکه روزنامه و مجله در ستون و سطرآنچنان که لازم است و برای شرایط فعلی تکنولوژی مورد نیاز و کاربردهای متنوع با هدف بهبود ابزارهای کاربردی می باشد۱لورم <i>ایپسوم </i>متن ساختگی با تولید سادگی نامفهوم از صنعت چاپ و با <i>استفاده </i>از طراحان <strong>گرافیک </strong>است چاپگرها و متون بلکه روزنامه و مجله در ستون و سطرآنچنان که لازم است و برای شرایط فعلی تکنولوژی مورد نیاز و کاربردهای متنوع با هدف بهبود ابزارهای کاربردی می باشد۱</p>', '1', '1', 'index/top-slider', 'مشاهده', '{{ (\'admin.panel\')route }}', 'fa fa-eye', '2023-08-15 00:35:40', '2023-08-16 15:54:20', NULL),
(3, '2023_8_15_4_6_23_215484_slide-2.jpg', 'لورم ایپسوم 2', '<p>لورم ایپسوم متن ساختگی با تولید سادگی نامفهوم از صنعت چاپ و با استفاده از طراحان گرافیک است چاپگرها و متون بلکه روزنامه و مجله در ستون و سطرآنچنان که لازم است و برای شرایط فعلی تکنولوژی مورد نیاز و کاربردهای متنوع با هدف بهبود ابزارهای کاربردی می باشد2</p>', '1', '1', 'index/top-slider', 'مشاهده', '{{ (\'admin.panel\')route }}', 'fa fa-eye', '2023-08-15 00:36:23', '2023-08-15 00:36:23', NULL),
(4, '2023_8_15_4_6_52_54505_slide-3.jpg', 'لورم ایپسوم 3', '<p>لورم ایپسوم متن ساختگی با تولید سادگی نامفهوم از صنعت چاپ و با استفاده از طراحان گرافیک است چاپگرها و متون بلکه روزنامه و مجله در ستون و سطرآنچنان که لازم است و برای شرایط فعلی تکنولوژی مورد نیاز و کاربردهای متنوع با هدف بهبود ابزارهای کاربردی می باشد3</p>', '1', '1', 'index/top-slider', 'مشاهده', '{{ (\'admin.panel\')route }}', 'fa fa-eye', '2023-08-15 00:36:52', '2023-08-15 00:36:52', NULL),
(5, '2023_8_15_4_7_51_299382_slide-4.jpg', 'لورم ایپسوم 4', '<p>لورم ایپسوم متن ساختگی با تولید سادگی نامفهوم از صنعت چاپ و با استفاده از طراحان گرافیک است چاپگرها و متون بلکه روزنامه و مجله در ستون و سطرآنچنان که لازم است و برای شرایط فعلی تکنولوژی مورد نیاز و کاربردهای متنوع با هدف بهبود ابزارهای کاربردی می باشد۴</p>', '1', '1', 'index/top-slider', 'مشاهده', '{{ (\'admin.panel\')route }}', 'fa fa-eye', '2023-08-15 00:37:51', '2024-02-08 22:33:20', '2024-02-08 22:33:20'),
(6, '2023_8_15_4_8_19_129716_slide-3.jpg', 'لورم ایپسوم 3', '<p>لورم ایپسوم متن ساختگی با تولید سادگی نامفهوم از صنعت چاپ و با استفاده از طراحان گرافیک است چاپگرها و متون بلکه روزنامه و مجله در ستون و سطرآنچنان که لازم است و برای شرایط فعلی تکنولوژی مورد نیاز و کاربردهای متنوع با هدف بهبود ابزارهای کاربردی می باشد3</p>', '1', '1', 'index/top-slider', 'مشاهده', '{{ (\'admin.panel\')route }}', 'fa fa-eye', '2023-08-15 00:38:19', '2023-08-15 13:54:41', '2023-08-15 13:54:41'),
(7, '2023_8_15_4_8_42_264390_slide-5.jpg', 'لورم ایپسوم 5', '<p>لورم ایپسوم متن ساختگی با تولید سادگی نامفهوم از صنعت چاپ و با استفاده از طراحان گرافیک است چاپگرها و متون بلکه روزنامه و مجله در ستون و سطرآنچنان که لازم است و برای شرایط فعلی تکنولوژی مورد نیاز و کاربردهای متنوع با هدف بهبود ابزارهای کاربردی می باشد5</p>', '1', '1', 'index/top-slider', 'مشاهده', '{{ (\'admin.panel\')route }}', 'fa fa-eye', '2023-08-15 00:38:42', '2023-08-15 13:54:42', '2023-08-15 13:54:42');

-- --------------------------------------------------------

--
-- Table structure for table `brands`
--

CREATE TABLE `brands` (
  `id` bigint(20) UNSIGNED NOT NULL,
  `name` varchar(255) NOT NULL,
  `slug` varchar(255) DEFAULT NULL,
  `is_active` tinyint(1) NOT NULL DEFAULT 1,
  `created_at` timestamp NULL DEFAULT NULL,
  `updated_at` timestamp NULL DEFAULT NULL,
  `deleted_at` timestamp NULL DEFAULT NULL
) ENGINE=InnoDB DEFAULT CHARSET=utf8mb4 COLLATE=utf8mb4_unicode_ci;

--
-- Dumping data for table `brands`
--

INSERT INTO `brands` (`id`, `name`, `slug`, `is_active`, `created_at`, `updated_at`, `deleted_at`) VALUES
(1, 'Sony', 'Sony', 1, '2023-07-11 18:35:58', '2023-07-11 18:35:58', NULL),
(27, 'Microsoft', 'microsoft', 1, '2023-07-13 22:21:05', '2023-08-13 16:45:03', NULL),
(32, 'Nintendo', 'nintendo', 1, '2023-08-01 19:44:39', '2023-08-01 19:44:39', NULL),
(33, 'rttttttttttt', 'yuuuuuuuuu', 1, '2023-08-13 07:17:21', '2023-08-13 16:44:13', '2023-08-13 16:44:13'),
(34, 'EA Sports', 'EA-Sports', 1, '2023-08-20 15:29:55', '2023-08-20 15:29:55', NULL),
(35, 'dedededed', 'ededededede', 1, '2023-10-12 16:52:29', '2023-10-12 16:52:51', '2023-10-12 16:52:51'),
(36, 'طسسسسس', 'سسطسط', 1, '2023-10-12 18:33:37', '2023-10-12 18:33:42', '2023-10-12 18:33:42'),
(37, 'لفلفل', 'edededededeب', 1, '2024-02-08 22:14:07', '2024-02-08 22:14:16', '2024-02-08 22:14:16'),
(38, 'خممممم', 'jujujtyjyt', 1, '2024-02-08 22:18:06', '2024-02-08 22:18:16', '2024-02-08 22:18:16');

-- --------------------------------------------------------

--
-- Table structure for table `categories`
--

CREATE TABLE `categories` (
  `id` bigint(20) UNSIGNED NOT NULL,
  `parent_id` int(10) UNSIGNED NOT NULL DEFAULT 0,
  `name` varchar(255) NOT NULL,
  `slug` varchar(255) DEFAULT NULL,
  `description` text DEFAULT NULL,
  `is_active` tinyint(1) NOT NULL DEFAULT 1,
  `icon` varchar(255) DEFAULT NULL,
  `created_at` timestamp NULL DEFAULT NULL,
  `updated_at` timestamp NULL DEFAULT NULL
) ENGINE=InnoDB DEFAULT CHARSET=utf8mb4 COLLATE=utf8mb4_unicode_ci;

--
-- Dumping data for table `categories`
--

INSERT INTO `categories` (`id`, `parent_id`, `name`, `slug`, `description`, `is_active`, `icon`, `created_at`, `updated_at`) VALUES
(22, 0, 'کنسول', 'console', 'کنسول های خانگی', 1, 'fa fa-gamepad', '2023-07-31 09:21:30', '2023-07-31 09:21:30'),
(24, 22, 'ایکس باکس', 'xbox', 'کنسول های شرکت مایکروسافتتتت', 1, 'fa fa-gamepad', '2023-07-31 09:23:56', '2023-08-01 02:45:50'),
(26, 0, 'لوازم جانبی', 'accessories', NULL, 1, 'fa fa-paperclip', '2023-08-01 10:33:40', '2023-08-01 10:33:40'),
(27, 22, 'پلی استیشن', 'play-station', 'کنسول های شرکت سونی', 1, 'fa fa-gamepad', '2023-08-01 10:38:59', '2023-08-01 10:38:59'),
(28, 26, 'دسته بازی پلی استیشن', 'dualshockes', 'دسته های بازی پلی استیشن', 1, 'fa fa-gamepad', '2023-08-03 15:46:52', '2023-08-03 15:46:52'),
(29, 22, 'بازی پلی استیشن', 'بازی-پلی-استیشن', NULL, 1, 'fa fa-gamepad', '2023-08-20 16:15:35', '2023-08-20 16:16:33');

-- --------------------------------------------------------

--
-- Table structure for table `cities`
--

CREATE TABLE `cities` (
  `id` bigint(20) UNSIGNED NOT NULL,
  `name` varchar(255) NOT NULL,
  `province_id` bigint(20) UNSIGNED NOT NULL,
  `created_at` timestamp NULL DEFAULT NULL,
  `updated_at` timestamp NULL DEFAULT NULL
) ENGINE=InnoDB DEFAULT CHARSET=utf8mb4 COLLATE=utf8mb4_unicode_ci;

--
-- Dumping data for table `cities`
--

INSERT INTO `cities` (`id`, `name`, `province_id`, `created_at`, `updated_at`) VALUES
(2, 'اردبيل', 1, '2020-03-29 11:06:20', '2020-03-29 11:06:20'),
(3, 'اصلاندوز', 1, '2020-03-29 11:06:20', '2020-03-29 11:06:20'),
(4, 'آبي بيگلو', 1, '2020-03-29 11:06:20', '2020-03-29 11:06:20'),
(5, 'بيله سوار', 1, '2020-03-29 11:06:20', '2020-03-29 11:06:20'),
(6, 'پارس آباد', 1, '2020-03-29 11:06:20', '2020-03-29 11:06:20'),
(7, 'تازه كند', 1, '2020-03-29 11:06:20', '2020-03-29 11:06:20'),
(8, 'تازه كندانگوت', 1, '2020-03-29 11:06:20', '2020-03-29 11:06:20'),
(9, 'جعفرآباد', 1, '2020-03-29 11:06:20', '2020-03-29 11:06:20'),
(10, 'خلخال', 1, '2020-03-29 11:06:20', '2020-03-29 11:06:20'),
(11, 'رضي', 1, '2020-03-29 11:06:20', '2020-03-29 11:06:20'),
(12, 'سرعين', 1, '2020-03-29 11:06:20', '2020-03-29 11:06:20'),
(13, 'عنبران', 1, '2020-03-29 11:06:20', '2020-03-29 11:06:20'),
(14, 'فخرآباد', 1, '2020-03-29 11:06:20', '2020-03-29 11:06:20'),
(15, 'كلور', 1, '2020-03-29 11:06:20', '2020-03-29 11:06:20'),
(16, 'كوراييم', 1, '2020-03-29 11:06:20', '2020-03-29 11:06:20'),
(17, 'گرمي', 1, '2020-03-29 11:06:20', '2020-03-29 11:06:20'),
(18, 'گيوي', 1, '2020-03-29 11:06:20', '2020-03-29 11:06:20'),
(19, 'لاهرود', 1, '2020-03-29 11:06:20', '2020-03-29 11:06:20'),
(20, 'مرادلو', 1, '2020-03-29 11:06:20', '2020-03-29 11:06:20'),
(21, 'مشگين شهر', 1, '2020-03-29 11:06:20', '2020-03-29 11:06:20'),
(22, 'نمين', 1, '2020-03-29 11:06:20', '2020-03-29 11:06:20'),
(23, 'نير', 1, '2020-03-29 11:06:20', '2020-03-29 11:06:20'),
(24, 'هشتجين', 1, '2020-03-29 11:06:20', '2020-03-29 11:06:20'),
(25, 'هير', 1, '2020-03-29 11:06:20', '2020-03-29 11:06:20'),
(26, 'ابريشم', 2, '2020-03-29 11:15:45', '2020-03-29 11:15:45'),
(27, 'ابوزيدآباد', 2, '2020-03-29 11:15:45', '2020-03-29 11:15:45'),
(28, 'اردستان', 2, '2020-03-29 11:15:45', '2020-03-29 11:15:45'),
(29, 'اژيه', 2, '2020-03-29 11:15:45', '2020-03-29 11:15:45'),
(30, 'اصفهان', 2, '2020-03-29 11:15:45', '2020-03-29 11:15:45'),
(31, 'افوس', 2, '2020-03-29 11:15:45', '2020-03-29 11:15:45'),
(32, 'انارک', 2, '2020-03-29 11:15:45', '2020-03-29 11:15:45'),
(33, 'ايمانشهر', 2, '2020-03-29 11:15:45', '2020-03-29 11:15:45'),
(34, 'آران وبيدگل', 2, '2020-03-29 11:15:45', '2020-03-29 11:15:45'),
(35, 'بادرود', 2, '2020-03-29 11:15:45', '2020-03-29 11:15:45'),
(36, 'باغ بهادران', 2, '2020-03-29 11:15:45', '2020-03-29 11:15:45'),
(37, 'بافران', 2, '2020-03-29 11:15:45', '2020-03-29 11:15:45'),
(38, 'برزك', 2, '2020-03-29 11:15:45', '2020-03-29 11:15:45'),
(39, 'برف انبار', 2, '2020-03-29 11:15:45', '2020-03-29 11:15:45'),
(40, 'بوئين ومياندشت', 2, '2020-03-29 11:15:45', '2020-03-29 11:15:45'),
(41, 'بهاران شهر', 2, '2020-03-29 11:15:45', '2020-03-29 11:15:45'),
(42, 'بهارستان', 2, '2020-03-29 11:15:45', '2020-03-29 11:15:45'),
(43, 'پيربكران', 2, '2020-03-29 11:15:45', '2020-03-29 11:15:45'),
(44, 'تودشك', 2, '2020-03-29 11:15:45', '2020-03-29 11:15:45'),
(45, 'تيران', 2, '2020-03-29 11:15:45', '2020-03-29 11:15:45'),
(46, 'جندق', 2, '2020-03-29 11:15:45', '2020-03-29 11:15:45'),
(47, 'جوزدان', 2, '2020-03-29 11:15:45', '2020-03-29 11:15:45'),
(48, 'جوشقان وكامو', 2, '2020-03-29 11:15:45', '2020-03-29 11:15:45'),
(49, 'چادگان', 2, '2020-03-29 11:15:45', '2020-03-29 11:15:45'),
(50, 'چرمهين', 2, '2020-03-29 11:15:45', '2020-03-29 11:15:45'),
(51, 'چمگردان', 2, '2020-03-29 11:15:45', '2020-03-29 11:15:45'),
(52, 'حبيب آباد', 2, '2020-03-29 11:15:45', '2020-03-29 11:15:45'),
(53, 'حسن آباد', 2, '2020-03-29 11:15:45', '2020-03-29 11:15:45'),
(54, 'حنا', 2, '2020-03-29 11:15:45', '2020-03-29 11:15:45'),
(55, 'خالدآباد', 2, '2020-03-29 11:15:45', '2020-03-29 11:15:45'),
(56, 'خميني شهر', 2, '2020-03-29 11:15:45', '2020-03-29 11:15:45'),
(57, 'خوانسار', 2, '2020-03-29 11:15:45', '2020-03-29 11:15:45'),
(58, 'خور', 2, '2020-03-29 11:15:45', '2020-03-29 11:15:45'),
(59, 'خوراسگان', 2, '2020-03-29 11:15:45', '2020-03-29 11:15:45'),
(60, 'خورزوق', 2, '2020-03-29 11:15:45', '2020-03-29 11:15:45'),
(61, 'داران', 2, '2020-03-29 11:15:45', '2020-03-29 11:15:45'),
(62, 'دامنه', 2, '2020-03-29 11:15:45', '2020-03-29 11:15:45'),
(63, 'درچه پياز', 2, '2020-03-29 11:15:45', '2020-03-29 11:15:45'),
(64, 'دستگرد', 2, '2020-03-29 11:15:45', '2020-03-29 11:15:45'),
(65, 'دولت آباد', 2, '2020-03-29 11:15:45', '2020-03-29 11:15:45'),
(66, 'دهاقان', 2, '2020-03-29 11:15:45', '2020-03-29 11:15:45'),
(67, 'دهق', 2, '2020-03-29 11:15:45', '2020-03-29 11:15:45'),
(68, 'ديزيچه', 2, '2020-03-29 11:15:45', '2020-03-29 11:15:45'),
(69, 'رزوه', 2, '2020-03-29 11:15:45', '2020-03-29 11:15:45'),
(70, 'رضوانشهر', 2, '2020-03-29 11:15:45', '2020-03-29 11:15:45'),
(71, 'زاينده رود', 2, '2020-03-29 11:15:45', '2020-03-29 11:15:45'),
(72, 'زرين شهر', 2, '2020-03-29 11:15:45', '2020-03-29 11:15:45'),
(73, 'زواره', 2, '2020-03-29 11:15:45', '2020-03-29 11:15:45'),
(74, 'زيباشهر', 2, '2020-03-29 11:15:45', '2020-03-29 11:15:45'),
(75, 'سده لنجان', 2, '2020-03-29 11:15:45', '2020-03-29 11:15:45'),
(76, 'سفيدشهر', 2, '2020-03-29 11:15:45', '2020-03-29 11:15:45'),
(77, 'سگزي', 2, '2020-03-29 11:15:45', '2020-03-29 11:15:45'),
(78, 'سميرم', 2, '2020-03-29 11:15:45', '2020-03-29 11:15:45'),
(79, 'شاپورآباد', 2, '2020-03-29 11:15:45', '2020-03-29 11:15:45'),
(80, 'شاهين شهر', 2, '2020-03-29 11:15:45', '2020-03-29 11:15:45'),
(81, 'شهرضا', 2, '2020-03-29 11:15:45', '2020-03-29 11:15:45'),
(82, 'طالخونچه', 2, '2020-03-29 11:15:45', '2020-03-29 11:15:45'),
(83, 'عسگران', 2, '2020-03-29 11:15:45', '2020-03-29 11:15:45'),
(84, 'علويچه', 2, '2020-03-29 11:15:45', '2020-03-29 11:15:45'),
(85, 'فرخي', 2, '2020-03-29 11:15:45', '2020-03-29 11:15:45'),
(86, 'فريدونشهر', 2, '2020-03-29 11:15:45', '2020-03-29 11:15:45'),
(87, 'فلاورجان', 2, '2020-03-29 11:15:45', '2020-03-29 11:15:45'),
(88, 'فولادشهر', 2, '2020-03-29 11:15:45', '2020-03-29 11:15:45'),
(89, 'قمصر', 2, '2020-03-29 11:15:45', '2020-03-29 11:15:45'),
(90, 'قهجاورستان', 2, '2020-03-29 11:15:45', '2020-03-29 11:15:45'),
(91, 'قهدريجان', 2, '2020-03-29 11:15:45', '2020-03-29 11:15:45'),
(92, 'كاشان', 2, '2020-03-29 11:15:45', '2020-03-29 11:15:45'),
(93, 'كركوند', 2, '2020-03-29 11:15:45', '2020-03-29 11:15:45'),
(94, 'كليشادوسودرجان', 2, '2020-03-29 11:15:45', '2020-03-29 11:15:45'),
(95, 'كمشچه', 2, '2020-03-29 11:15:45', '2020-03-29 11:15:45'),
(96, 'كمه', 2, '2020-03-29 11:15:45', '2020-03-29 11:15:45'),
(97, 'كوشك', 2, '2020-03-29 11:15:45', '2020-03-29 11:15:45'),
(98, 'كوهپايه', 2, '2020-03-29 11:15:45', '2020-03-29 11:15:45'),
(99, 'كهريزسنگ', 2, '2020-03-29 11:15:45', '2020-03-29 11:15:45'),
(100, 'گرگاب', 2, '2020-03-29 11:15:45', '2020-03-29 11:15:45'),
(101, 'گزبرخوار', 2, '2020-03-29 11:15:45', '2020-03-29 11:15:45'),
(102, 'گلپايگان', 2, '2020-03-29 11:15:45', '2020-03-29 11:15:45'),
(103, 'گلدشت', 2, '2020-03-29 11:15:45', '2020-03-29 11:15:45'),
(104, 'گلشن', 2, '2020-03-29 11:15:45', '2020-03-29 11:15:45'),
(105, 'گلشهر', 2, '2020-03-29 11:15:45', '2020-03-29 11:15:45'),
(106, 'گوگد', 2, '2020-03-29 11:15:45', '2020-03-29 11:15:45'),
(107, 'لاي بيد', 2, '2020-03-29 11:15:45', '2020-03-29 11:15:45'),
(108, 'مباركه', 2, '2020-03-29 11:15:45', '2020-03-29 11:15:45'),
(109, 'محمدآباد', 2, '2020-03-29 11:15:45', '2020-03-29 11:15:45'),
(110, 'مشكات', 2, '2020-03-29 11:15:45', '2020-03-29 11:15:45'),
(111, 'منظريه', 2, '2020-03-29 11:15:45', '2020-03-29 11:15:45'),
(112, 'مهاباد', 2, '2020-03-29 11:15:45', '2020-03-29 11:15:45'),
(113, 'ميمه', 2, '2020-03-29 11:15:45', '2020-03-29 11:15:45'),
(114, 'نائين', 2, '2020-03-29 11:15:45', '2020-03-29 11:15:45'),
(115, 'نجف آباد', 2, '2020-03-29 11:15:45', '2020-03-29 11:15:45'),
(116, 'نصرآباد', 2, '2020-03-29 11:15:45', '2020-03-29 11:15:45'),
(117, 'نطنز', 2, '2020-03-29 11:15:45', '2020-03-29 11:15:45'),
(118, 'نوش آباد', 2, '2020-03-29 11:15:45', '2020-03-29 11:15:45'),
(119, 'نياسر', 2, '2020-03-29 11:15:45', '2020-03-29 11:15:45'),
(120, 'نيك آباد', 2, '2020-03-29 11:15:45', '2020-03-29 11:15:45'),
(121, 'ورزنه', 2, '2020-03-29 11:15:45', '2020-03-29 11:15:45'),
(122, 'ورنامخواست', 2, '2020-03-29 11:15:45', '2020-03-29 11:15:45'),
(123, 'وزوان', 2, '2020-03-29 11:15:45', '2020-03-29 11:15:45'),
(124, 'ونك', 2, '2020-03-29 11:15:45', '2020-03-29 11:15:45'),
(125, 'هرند', 2, '2020-03-29 11:15:45', '2020-03-29 11:15:45'),
(126, 'اشتهارد', 3, '2020-03-29 11:16:58', '2020-03-29 11:16:58'),
(127, 'آسارا', 3, '2020-03-29 11:16:58', '2020-03-29 11:16:58'),
(128, 'تنكمان', 3, '2020-03-29 11:16:58', '2020-03-29 11:16:58'),
(129, 'چهارباغ', 3, '2020-03-29 11:16:58', '2020-03-29 11:16:58'),
(130, 'سيف آباد', 3, '2020-03-29 11:16:58', '2020-03-29 11:16:58'),
(131, 'شهرجديدهشتگرد', 3, '2020-03-29 11:16:58', '2020-03-29 11:16:58'),
(132, 'طالقان', 3, '2020-03-29 11:16:58', '2020-03-29 11:16:58'),
(133, 'كرج', 3, '2020-03-29 11:16:58', '2020-03-29 11:16:58'),
(134, 'كمال شهر', 3, '2020-03-29 11:16:58', '2020-03-29 11:16:58'),
(135, 'كوهسار', 3, '2020-03-29 11:16:58', '2020-03-29 11:16:58'),
(136, 'گرمدره', 3, '2020-03-29 11:16:58', '2020-03-29 11:16:58'),
(137, 'ماهدشت', 3, '2020-03-29 11:16:58', '2020-03-29 11:16:58'),
(138, 'محمدشهر', 3, '2020-03-29 11:16:58', '2020-03-29 11:16:58'),
(139, 'مشكين دشت', 3, '2020-03-29 11:16:58', '2020-03-29 11:16:58'),
(140, 'نظرآباد', 3, '2020-03-29 11:16:58', '2020-03-29 11:16:58'),
(141, 'هشتگرد', 3, '2020-03-29 11:16:58', '2020-03-29 11:16:58'),
(142, 'اركواز', 4, '2020-03-29 11:18:54', '2020-03-29 11:18:54'),
(143, 'ايلام', 4, '2020-03-29 11:18:54', '2020-03-29 11:18:54'),
(144, 'ايوان', 4, '2020-03-29 11:18:54', '2020-03-29 11:18:54'),
(145, 'آبدانان', 4, '2020-03-29 11:18:54', '2020-03-29 11:18:54'),
(146, 'آسمان آباد', 4, '2020-03-29 11:18:54', '2020-03-29 11:18:54'),
(147, 'بدره', 4, '2020-03-29 11:18:54', '2020-03-29 11:18:54'),
(148, 'پهله', 4, '2020-03-29 11:18:54', '2020-03-29 11:18:54'),
(149, 'توحيد', 4, '2020-03-29 11:18:54', '2020-03-29 11:18:54'),
(150, 'چوار', 4, '2020-03-29 11:18:54', '2020-03-29 11:18:54'),
(151, 'دره شهر', 4, '2020-03-29 11:18:54', '2020-03-29 11:18:54'),
(152, 'دلگشا', 4, '2020-03-29 11:18:54', '2020-03-29 11:18:54'),
(153, 'دهلران', 4, '2020-03-29 11:18:54', '2020-03-29 11:18:54'),
(154, 'زرنه', 4, '2020-03-29 11:18:54', '2020-03-29 11:18:54'),
(155, 'سراب باغ', 4, '2020-03-29 11:18:54', '2020-03-29 11:18:54'),
(156, 'سرابله', 4, '2020-03-29 11:18:54', '2020-03-29 11:18:54'),
(157, 'صالح آباد', 4, '2020-03-29 11:18:54', '2020-03-29 11:18:54'),
(158, 'لومار', 4, '2020-03-29 11:18:54', '2020-03-29 11:18:54'),
(159, 'مورموري', 4, '2020-03-29 11:18:54', '2020-03-29 11:18:54'),
(160, 'موسيان', 4, '2020-03-29 11:18:54', '2020-03-29 11:18:54'),
(161, 'مهران', 4, '2020-03-29 11:18:54', '2020-03-29 11:18:54'),
(162, 'ميمه', 4, '2020-03-29 11:18:54', '2020-03-29 11:18:54'),
(163, 'اسكو', 5, '2020-03-29 11:21:21', '2020-03-29 11:21:21'),
(164, 'اهر', 5, '2020-03-29 11:21:21', '2020-03-29 11:21:21'),
(165, 'ايلخچي', 5, '2020-03-29 11:21:21', '2020-03-29 11:21:21'),
(166, 'آبش احمد', 5, '2020-03-29 11:21:21', '2020-03-29 11:21:21'),
(167, 'آذرشهر', 5, '2020-03-29 11:21:21', '2020-03-29 11:21:21'),
(168, 'آقكند', 5, '2020-03-29 11:21:21', '2020-03-29 11:21:21'),
(169, 'باسمنج', 5, '2020-03-29 11:21:21', '2020-03-29 11:21:21'),
(170, 'بخشايش', 5, '2020-03-29 11:21:21', '2020-03-29 11:21:21'),
(171, 'بستان آباد', 5, '2020-03-29 11:21:21', '2020-03-29 11:21:21'),
(172, 'بناب', 5, '2020-03-29 11:21:21', '2020-03-29 11:21:21'),
(173, 'بناب جديد', 5, '2020-03-29 11:21:21', '2020-03-29 11:21:21'),
(174, 'تبريز', 5, '2020-03-29 11:21:21', '2020-03-29 11:21:21'),
(175, 'ترک', 5, '2020-03-29 11:21:21', '2020-03-29 11:21:21'),
(176, 'تركمانچاي', 5, '2020-03-29 11:21:21', '2020-03-29 11:21:21'),
(177, 'تسوج', 5, '2020-03-29 11:21:21', '2020-03-29 11:21:21'),
(178, 'تيكمه داش', 5, '2020-03-29 11:21:21', '2020-03-29 11:21:21'),
(179, 'جلفا', 5, '2020-03-29 11:21:21', '2020-03-29 11:21:21'),
(180, 'خاروانا', 5, '2020-03-29 11:21:21', '2020-03-29 11:21:21'),
(181, 'خامنه', 5, '2020-03-29 11:21:21', '2020-03-29 11:21:21'),
(182, 'خراجو', 5, '2020-03-29 11:21:21', '2020-03-29 11:21:21'),
(183, 'خسروشهر', 5, '2020-03-29 11:21:21', '2020-03-29 11:21:21'),
(184, 'خمارلو', 5, '2020-03-29 11:21:21', '2020-03-29 11:21:21'),
(185, 'خواجه', 5, '2020-03-29 11:21:21', '2020-03-29 11:21:21'),
(186, 'دوزدوزان', 5, '2020-03-29 11:21:21', '2020-03-29 11:21:21'),
(187, 'زرنق', 5, '2020-03-29 11:21:21', '2020-03-29 11:21:21'),
(188, 'زنوز', 5, '2020-03-29 11:21:21', '2020-03-29 11:21:21'),
(189, 'سراب', 5, '2020-03-29 11:21:21', '2020-03-29 11:21:21'),
(190, 'سردرود', 5, '2020-03-29 11:21:21', '2020-03-29 11:21:21'),
(191, 'سيس', 5, '2020-03-29 11:21:21', '2020-03-29 11:21:21'),
(192, 'سيه رود', 5, '2020-03-29 11:21:21', '2020-03-29 11:21:21'),
(193, 'شبستر', 5, '2020-03-29 11:21:21', '2020-03-29 11:21:21'),
(194, 'شربيان', 5, '2020-03-29 11:21:21', '2020-03-29 11:21:21'),
(195, 'شرفخانه', 5, '2020-03-29 11:21:21', '2020-03-29 11:21:21'),
(196, 'شندآباد', 5, '2020-03-29 11:21:21', '2020-03-29 11:21:21'),
(197, 'شهرجديدسهند', 5, '2020-03-29 11:21:21', '2020-03-29 11:21:21'),
(198, 'صوفيان', 5, '2020-03-29 11:21:21', '2020-03-29 11:21:21'),
(199, 'عجب شير', 5, '2020-03-29 11:21:21', '2020-03-29 11:21:21'),
(200, 'قره آغاج', 5, '2020-03-29 11:21:21', '2020-03-29 11:21:21'),
(201, 'كشكسراي', 5, '2020-03-29 11:21:21', '2020-03-29 11:21:21'),
(202, 'كلوانق', 5, '2020-03-29 11:21:21', '2020-03-29 11:21:21'),
(203, 'كليبر', 5, '2020-03-29 11:21:21', '2020-03-29 11:21:21'),
(204, 'كوزه كنان', 5, '2020-03-29 11:21:21', '2020-03-29 11:21:21'),
(205, 'گوگان', 5, '2020-03-29 11:21:21', '2020-03-29 11:21:21'),
(206, 'ليلان', 5, '2020-03-29 11:21:21', '2020-03-29 11:21:21'),
(207, 'مراغه', 5, '2020-03-29 11:21:21', '2020-03-29 11:21:21'),
(208, 'مرند', 5, '2020-03-29 11:21:21', '2020-03-29 11:21:21'),
(209, 'ملكان', 5, '2020-03-29 11:21:21', '2020-03-29 11:21:21'),
(210, 'ممقان', 5, '2020-03-29 11:21:21', '2020-03-29 11:21:21'),
(211, 'مهربان', 5, '2020-03-29 11:21:21', '2020-03-29 11:21:21'),
(212, 'ميانه', 5, '2020-03-29 11:21:21', '2020-03-29 11:21:21'),
(213, 'نظركهريزي', 5, '2020-03-29 11:21:21', '2020-03-29 11:21:21'),
(214, 'وايقان', 5, '2020-03-29 11:21:21', '2020-03-29 11:21:21'),
(215, 'ورزقان', 5, '2020-03-29 11:21:21', '2020-03-29 11:21:21'),
(216, 'هاديشهر', 5, '2020-03-29 11:21:21', '2020-03-29 11:21:21'),
(217, 'هريس', 5, '2020-03-29 11:21:21', '2020-03-29 11:21:21'),
(218, 'هشترود', 5, '2020-03-29 11:21:21', '2020-03-29 11:21:21'),
(219, 'هوراند', 5, '2020-03-29 11:21:21', '2020-03-29 11:21:21'),
(220, 'يامچي', 5, '2020-03-29 11:21:21', '2020-03-29 11:21:21'),
(221, 'اروميه', 6, '2020-03-29 11:42:30', '2020-03-29 11:42:30'),
(222, 'اشنويه', 6, '2020-03-29 11:42:30', '2020-03-29 11:42:30'),
(223, 'ايواوغلي', 6, '2020-03-29 11:42:30', '2020-03-29 11:42:30'),
(224, 'آواجيق', 6, '2020-03-29 11:42:30', '2020-03-29 11:42:30'),
(225, 'باروق', 6, '2020-03-29 11:42:30', '2020-03-29 11:42:30'),
(226, 'بازرگان', 6, '2020-03-29 11:42:30', '2020-03-29 11:42:30'),
(227, 'بوكان', 6, '2020-03-29 11:42:30', '2020-03-29 11:42:30'),
(228, 'پلدشت', 6, '2020-03-29 11:42:30', '2020-03-29 11:42:30'),
(229, 'پيرانشهر', 6, '2020-03-29 11:42:30', '2020-03-29 11:42:30'),
(230, 'تازه شهر', 6, '2020-03-29 11:42:30', '2020-03-29 11:42:30'),
(231, 'تكاب', 6, '2020-03-29 11:42:30', '2020-03-29 11:42:30'),
(232, 'چهاربرج', 6, '2020-03-29 11:42:30', '2020-03-29 11:42:30'),
(233, 'خليفان', 6, '2020-03-29 11:42:30', '2020-03-29 11:42:30'),
(234, 'خوي', 6, '2020-03-29 11:42:30', '2020-03-29 11:42:30'),
(235, 'ديزج ديز', 6, '2020-03-29 11:42:30', '2020-03-29 11:42:30'),
(236, 'ربط', 6, '2020-03-29 11:42:30', '2020-03-29 11:42:30'),
(237, 'سردشت', 6, '2020-03-29 11:42:30', '2020-03-29 11:42:30'),
(238, 'سرو', 6, '2020-03-29 11:42:30', '2020-03-29 11:42:30'),
(239, 'سلماس', 6, '2020-03-29 11:42:30', '2020-03-29 11:42:30'),
(240, 'سيلوانه', 6, '2020-03-29 11:42:30', '2020-03-29 11:42:30'),
(241, 'سيمينه', 6, '2020-03-29 11:42:30', '2020-03-29 11:42:30'),
(242, 'سيه چشمه', 6, '2020-03-29 11:42:30', '2020-03-29 11:42:30'),
(243, 'شاهين دژ', 6, '2020-03-29 11:42:30', '2020-03-29 11:42:30'),
(244, 'شوط', 6, '2020-03-29 11:42:30', '2020-03-29 11:42:30'),
(245, 'فيرورق', 6, '2020-03-29 11:42:30', '2020-03-29 11:42:30'),
(246, 'قره ضياءالدين', 6, '2020-03-29 11:42:30', '2020-03-29 11:42:30'),
(247, 'قطور', 6, '2020-03-29 11:42:30', '2020-03-29 11:42:30'),
(248, 'قوشچي', 6, '2020-03-29 11:42:30', '2020-03-29 11:42:30'),
(249, 'كشاورز', 6, '2020-03-29 11:42:30', '2020-03-29 11:42:30'),
(250, 'گردكشانه', 6, '2020-03-29 11:42:30', '2020-03-29 11:42:30'),
(251, 'ماكو', 6, '2020-03-29 11:42:30', '2020-03-29 11:42:30'),
(252, 'محمديار', 6, '2020-03-29 11:42:30', '2020-03-29 11:42:30'),
(253, 'محمودآباد', 6, '2020-03-29 11:42:30', '2020-03-29 11:42:30'),
(254, 'مهاباد', 6, '2020-03-29 11:42:30', '2020-03-29 11:42:30'),
(255, 'مياندوآب', 6, '2020-03-29 11:42:30', '2020-03-29 11:42:30'),
(256, 'ميرآباد', 6, '2020-03-29 11:42:30', '2020-03-29 11:42:30'),
(257, 'نالوس', 6, '2020-03-29 11:42:30', '2020-03-29 11:42:30'),
(258, 'نقده', 6, '2020-03-29 11:42:30', '2020-03-29 11:42:30'),
(259, 'نوشين', 6, '2020-03-29 11:42:30', '2020-03-29 11:42:30'),
(260, 'امام حسن', 7, '2020-03-29 11:44:48', '2020-03-29 11:44:48'),
(261, 'انارستان', 7, '2020-03-29 11:44:48', '2020-03-29 11:44:48'),
(262, 'اهرم', 7, '2020-03-29 11:44:48', '2020-03-29 11:44:48'),
(263, 'آبپخش', 7, '2020-03-29 11:44:48', '2020-03-29 11:44:48'),
(264, 'آبدان', 7, '2020-03-29 11:44:48', '2020-03-29 11:44:48'),
(265, 'برازجان', 7, '2020-03-29 11:44:48', '2020-03-29 11:44:48'),
(266, 'بردخون', 7, '2020-03-29 11:44:48', '2020-03-29 11:44:48'),
(267, 'بردستان', 7, '2020-03-29 11:44:48', '2020-03-29 11:44:48'),
(268, 'بندردير', 7, '2020-03-29 11:44:48', '2020-03-29 11:44:48'),
(269, 'بندرديلم', 7, '2020-03-29 11:44:48', '2020-03-29 11:44:48'),
(270, 'بندرريگ', 7, '2020-03-29 11:44:48', '2020-03-29 11:44:48'),
(271, 'بندركنگان', 7, '2020-03-29 11:44:48', '2020-03-29 11:44:48'),
(272, 'بندرگناوه', 7, '2020-03-29 11:44:48', '2020-03-29 11:44:48'),
(273, 'بنک', 7, '2020-03-29 11:44:48', '2020-03-29 11:44:48'),
(274, 'بوشهر', 7, '2020-03-29 11:44:48', '2020-03-29 11:44:48'),
(275, 'تنگ ارم', 7, '2020-03-29 11:44:48', '2020-03-29 11:44:48'),
(276, 'جم', 7, '2020-03-29 11:44:48', '2020-03-29 11:44:48'),
(277, 'چغادک', 7, '2020-03-29 11:44:48', '2020-03-29 11:44:48'),
(278, 'خارک', 7, '2020-03-29 11:44:48', '2020-03-29 11:44:48'),
(279, 'خورموج', 7, '2020-03-29 11:44:48', '2020-03-29 11:44:48'),
(280, 'دالكي', 7, '2020-03-29 11:44:48', '2020-03-29 11:44:48'),
(281, 'دلوار', 7, '2020-03-29 11:44:48', '2020-03-29 11:44:48'),
(282, 'ريز', 7, '2020-03-29 11:44:48', '2020-03-29 11:44:48'),
(283, 'سعدآباد', 7, '2020-03-29 11:44:48', '2020-03-29 11:44:48'),
(284, 'سيراف', 7, '2020-03-29 11:44:48', '2020-03-29 11:44:48'),
(285, 'شبانكاره', 7, '2020-03-29 11:44:48', '2020-03-29 11:44:48'),
(286, 'شنبه', 7, '2020-03-29 11:44:48', '2020-03-29 11:44:48'),
(287, 'عسلويه', 7, '2020-03-29 11:44:48', '2020-03-29 11:44:48'),
(288, 'كاكي', 7, '2020-03-29 11:44:48', '2020-03-29 11:44:48'),
(289, 'كلمه', 7, '2020-03-29 11:44:48', '2020-03-29 11:44:48'),
(290, 'نخل تقي', 7, '2020-03-29 11:44:48', '2020-03-29 11:44:48'),
(291, 'وحدتيه', 7, '2020-03-29 11:44:48', '2020-03-29 11:44:48'),
(292, 'ارجمند', 8, '2020-03-29 11:46:55', '2020-03-29 11:46:55'),
(293, 'اسلامشهر', 8, '2020-03-29 11:46:55', '2020-03-29 11:46:55'),
(294, 'انديشه', 8, '2020-03-29 11:46:55', '2020-03-29 11:46:55'),
(295, 'آبسرد', 8, '2020-03-29 11:46:55', '2020-03-29 11:46:55'),
(296, 'آبعلي', 8, '2020-03-29 11:46:55', '2020-03-29 11:46:55'),
(297, 'باغستان', 8, '2020-03-29 11:46:55', '2020-03-29 11:46:55'),
(298, 'باقرشهر', 8, '2020-03-29 11:46:55', '2020-03-29 11:46:55'),
(299, 'بومهن', 8, '2020-03-29 11:46:55', '2020-03-29 11:46:55'),
(300, 'پاكدشت', 8, '2020-03-29 11:46:55', '2020-03-29 11:46:55'),
(301, 'پرديس', 8, '2020-03-29 11:46:55', '2020-03-29 11:46:55'),
(302, 'پيشوا', 8, '2020-03-29 11:46:55', '2020-03-29 11:46:55'),
(303, 'تجريش', 8, '2020-03-29 11:46:55', '2020-03-29 11:46:55'),
(304, 'تهران', 8, '2020-03-29 11:46:55', '2020-03-29 11:46:55'),
(305, 'جوادآباد', 8, '2020-03-29 11:46:55', '2020-03-29 11:46:55'),
(306, 'چهاردانگه', 8, '2020-03-29 11:46:55', '2020-03-29 11:46:55'),
(307, 'حسن آباد', 8, '2020-03-29 11:46:55', '2020-03-29 11:46:55'),
(308, 'دماوند', 8, '2020-03-29 11:46:55', '2020-03-29 11:46:55'),
(309, 'رباط کريم', 8, '2020-03-29 11:46:55', '2020-03-29 11:46:55'),
(310, 'رودهن', 8, '2020-03-29 11:46:55', '2020-03-29 11:46:55'),
(311, 'ري', 8, '2020-03-29 11:46:55', '2020-03-29 11:46:55'),
(312, 'شاهدشهر', 8, '2020-03-29 11:46:55', '2020-03-29 11:46:55'),
(313, 'شريف آباد', 8, '2020-03-29 11:46:55', '2020-03-29 11:46:55'),
(314, 'شهريار', 8, '2020-03-29 11:46:55', '2020-03-29 11:46:55'),
(315, 'صالح آباد', 8, '2020-03-29 11:46:55', '2020-03-29 11:46:55'),
(316, 'صباشهر', 8, '2020-03-29 11:46:55', '2020-03-29 11:46:55'),
(317, 'صفادشت', 8, '2020-03-29 11:46:55', '2020-03-29 11:46:55'),
(318, 'فردوسيه', 8, '2020-03-29 11:46:55', '2020-03-29 11:46:55'),
(319, 'فرون آباد', 8, '2020-03-29 11:46:55', '2020-03-29 11:46:55'),
(320, 'فشم', 8, '2020-03-29 11:46:55', '2020-03-29 11:46:55'),
(321, 'فيروزكوه', 8, '2020-03-29 11:46:55', '2020-03-29 11:46:55'),
(322, 'قدس', 8, '2020-03-29 11:46:55', '2020-03-29 11:46:55'),
(323, 'قرچک', 8, '2020-03-29 11:46:55', '2020-03-29 11:46:55'),
(324, 'كهريزک', 8, '2020-03-29 11:46:55', '2020-03-29 11:46:55'),
(325, 'كيلان', 8, '2020-03-29 11:46:55', '2020-03-29 11:46:55'),
(326, 'گلستان', 8, '2020-03-29 11:46:55', '2020-03-29 11:46:55'),
(327, 'لواسان', 8, '2020-03-29 11:46:55', '2020-03-29 11:46:55'),
(328, 'ملارد', 8, '2020-03-29 11:46:55', '2020-03-29 11:46:55'),
(329, 'نسيم شهر', 8, '2020-03-29 11:46:55', '2020-03-29 11:46:55'),
(330, 'نصيرآباد', 8, '2020-03-29 11:46:55', '2020-03-29 11:46:55'),
(331, 'وحيديه', 8, '2020-03-29 11:46:55', '2020-03-29 11:46:55'),
(332, 'ورامين', 8, '2020-03-29 11:46:55', '2020-03-29 11:46:55'),
(333, 'اردل', 9, '2020-03-29 11:48:40', '2020-03-29 11:48:40'),
(334, 'آلوني', 9, '2020-03-29 11:48:40', '2020-03-29 11:48:40'),
(335, 'باباحيدر', 9, '2020-03-29 11:48:40', '2020-03-29 11:48:40'),
(336, 'بروجن', 9, '2020-03-29 11:48:40', '2020-03-29 11:48:40'),
(337, 'بلداجي', 9, '2020-03-29 11:48:40', '2020-03-29 11:48:40'),
(338, 'بن', 9, '2020-03-29 11:48:40', '2020-03-29 11:48:40'),
(339, 'جونقان', 9, '2020-03-29 11:48:40', '2020-03-29 11:48:40'),
(340, 'چلگرد', 9, '2020-03-29 11:48:40', '2020-03-29 11:48:40'),
(341, 'سامان', 9, '2020-03-29 11:48:40', '2020-03-29 11:48:40'),
(342, 'سفيددشت', 9, '2020-03-29 11:48:40', '2020-03-29 11:48:40'),
(343, 'سودجان', 9, '2020-03-29 11:48:40', '2020-03-29 11:48:40'),
(344, 'سورشجان', 9, '2020-03-29 11:48:40', '2020-03-29 11:48:40'),
(345, 'شلمزار', 9, '2020-03-29 11:48:40', '2020-03-29 11:48:40'),
(346, 'شهركرد', 9, '2020-03-29 11:48:40', '2020-03-29 11:48:40'),
(347, 'طاقانک', 9, '2020-03-29 11:48:40', '2020-03-29 11:48:40'),
(348, 'فارسان', 9, '2020-03-29 11:48:40', '2020-03-29 11:48:40'),
(349, 'فرادنبه', 9, '2020-03-29 11:48:40', '2020-03-29 11:48:40'),
(350, 'فرخ شهر', 9, '2020-03-29 11:48:40', '2020-03-29 11:48:40'),
(351, 'كيان', 9, '2020-03-29 11:48:40', '2020-03-29 11:48:40'),
(352, 'گندمان', 9, '2020-03-29 11:48:40', '2020-03-29 11:48:40'),
(353, 'گهرو', 9, '2020-03-29 11:48:40', '2020-03-29 11:48:40'),
(354, 'لردگان', 9, '2020-03-29 11:48:40', '2020-03-29 11:48:40'),
(355, 'مال خليفه', 9, '2020-03-29 11:48:40', '2020-03-29 11:48:40'),
(356, 'ناغان', 9, '2020-03-29 11:48:40', '2020-03-29 11:48:40'),
(357, 'نافچ', 9, '2020-03-29 11:48:40', '2020-03-29 11:48:40'),
(358, 'نقنه', 9, '2020-03-29 11:48:40', '2020-03-29 11:48:40'),
(359, 'هفشجان', 9, '2020-03-29 11:48:40', '2020-03-29 11:48:40'),
(360, 'ارسک', 10, '2020-03-29 11:50:18', '2020-03-29 11:50:18'),
(361, 'اسديه', 10, '2020-03-29 11:50:18', '2020-03-29 11:50:18'),
(362, 'اسفدن', 10, '2020-03-29 11:50:18', '2020-03-29 11:50:18'),
(363, 'اسلاميه', 10, '2020-03-29 11:50:18', '2020-03-29 11:50:18'),
(364, 'آرين شهر', 10, '2020-03-29 11:50:18', '2020-03-29 11:50:18'),
(365, 'آيسک', 10, '2020-03-29 11:50:18', '2020-03-29 11:50:18'),
(366, 'بشرويه', 10, '2020-03-29 11:50:18', '2020-03-29 11:50:18'),
(367, 'بيرجند', 10, '2020-03-29 11:50:18', '2020-03-29 11:50:18'),
(368, 'حاجي آباد', 10, '2020-03-29 11:50:18', '2020-03-29 11:50:18'),
(369, 'خضري دشت بياض', 10, '2020-03-29 11:50:18', '2020-03-29 11:50:18'),
(370, 'خوسف', 10, '2020-03-29 11:50:18', '2020-03-29 11:50:18'),
(371, 'زهان', 10, '2020-03-29 11:50:18', '2020-03-29 11:50:18'),
(372, 'سرايان', 10, '2020-03-29 11:50:18', '2020-03-29 11:50:18'),
(373, 'سربيشه', 10, '2020-03-29 11:50:18', '2020-03-29 11:50:18'),
(374, 'سه قلعه', 10, '2020-03-29 11:50:18', '2020-03-29 11:50:18'),
(375, 'شوسف', 10, '2020-03-29 11:50:18', '2020-03-29 11:50:18'),
(376, 'طبس مسينا', 10, '2020-03-29 11:50:18', '2020-03-29 11:50:18'),
(377, 'فردوس', 10, '2020-03-29 11:50:18', '2020-03-29 11:50:18'),
(378, 'قائن', 10, '2020-03-29 11:50:18', '2020-03-29 11:50:18'),
(379, 'قهستان', 10, '2020-03-29 11:50:18', '2020-03-29 11:50:18'),
(380, 'گزيک', 10, '2020-03-29 11:50:18', '2020-03-29 11:50:18'),
(381, 'محمد شهر', 10, '2020-03-29 11:50:18', '2020-03-29 11:50:18'),
(382, 'مود', 10, '2020-03-29 11:50:18', '2020-03-29 11:50:18'),
(383, 'نهبندان', 10, '2020-03-29 11:50:18', '2020-03-29 11:50:18'),
(384, 'نيمبلوک', 10, '2020-03-29 11:50:18', '2020-03-29 11:50:18'),
(385, 'احمدآبادصولت', 11, '2020-03-29 11:53:23', '2020-03-29 11:53:23'),
(386, 'انابد', 11, '2020-03-29 11:53:23', '2020-03-29 11:53:23'),
(387, 'باجگيران', 11, '2020-03-29 11:53:23', '2020-03-29 11:53:23'),
(388, 'باخرز', 11, '2020-03-29 11:53:23', '2020-03-29 11:53:23'),
(389, 'بار', 11, '2020-03-29 11:53:23', '2020-03-29 11:53:23'),
(390, 'بايگ', 11, '2020-03-29 11:53:23', '2020-03-29 11:53:23'),
(391, 'بجستان', 11, '2020-03-29 11:53:23', '2020-03-29 11:53:23'),
(392, 'بردسكن', 11, '2020-03-29 11:53:23', '2020-03-29 11:53:23'),
(393, 'بيدخت', 11, '2020-03-29 11:53:23', '2020-03-29 11:53:23'),
(394, 'تايباد', 11, '2020-03-29 11:53:23', '2020-03-29 11:53:23'),
(395, 'تربت جام', 11, '2020-03-29 11:53:23', '2020-03-29 11:53:23'),
(396, 'تربت حيدريه', 11, '2020-03-29 11:53:23', '2020-03-29 11:53:23'),
(397, 'جغتاي', 11, '2020-03-29 11:53:23', '2020-03-29 11:53:23'),
(398, 'جنگل', 11, '2020-03-29 11:53:23', '2020-03-29 11:53:23'),
(399, 'چاپشلو', 11, '2020-03-29 11:53:23', '2020-03-29 11:53:23'),
(400, 'چكنه', 11, '2020-03-29 11:53:23', '2020-03-29 11:53:23'),
(401, 'چناران', 11, '2020-03-29 11:53:23', '2020-03-29 11:53:23'),
(402, 'خرو', 11, '2020-03-29 11:53:23', '2020-03-29 11:53:23'),
(403, 'خليل آباد', 11, '2020-03-29 11:53:23', '2020-03-29 11:53:23'),
(404, 'خواف', 11, '2020-03-29 11:53:23', '2020-03-29 11:53:23'),
(405, 'داورزن', 11, '2020-03-29 11:53:23', '2020-03-29 11:53:23'),
(406, 'درگز', 11, '2020-03-29 11:53:23', '2020-03-29 11:53:23'),
(407, 'درود', 11, '2020-03-29 11:53:23', '2020-03-29 11:53:23'),
(408, 'دولت آباد', 11, '2020-03-29 11:53:23', '2020-03-29 11:53:23'),
(409, 'رباط سنگ', 11, '2020-03-29 11:53:23', '2020-03-29 11:53:23'),
(410, 'رشتخوار', 11, '2020-03-29 11:53:23', '2020-03-29 11:53:23'),
(411, 'رضويه', 11, '2020-03-29 11:53:23', '2020-03-29 11:53:23'),
(412, 'روداب', 11, '2020-03-29 11:53:23', '2020-03-29 11:53:23'),
(413, 'ريوش', 11, '2020-03-29 11:53:23', '2020-03-29 11:53:23'),
(414, 'سبزوار', 11, '2020-03-29 11:53:23', '2020-03-29 11:53:23'),
(415, 'سرخس', 11, '2020-03-29 11:53:23', '2020-03-29 11:53:23'),
(416, 'سفيدسنگ', 11, '2020-03-29 11:53:23', '2020-03-29 11:53:23'),
(417, 'سلامي', 11, '2020-03-29 11:53:23', '2020-03-29 11:53:23'),
(418, 'سلطان آباد', 11, '2020-03-29 11:53:23', '2020-03-29 11:53:23'),
(419, 'سنگان', 11, '2020-03-29 11:53:23', '2020-03-29 11:53:23'),
(420, 'شادمهر', 11, '2020-03-29 11:53:23', '2020-03-29 11:53:23'),
(421, 'شانديز', 11, '2020-03-29 11:53:23', '2020-03-29 11:53:23'),
(422, 'ششتمد', 11, '2020-03-29 11:53:23', '2020-03-29 11:53:23'),
(423, 'شهرآباد', 11, '2020-03-29 11:53:23', '2020-03-29 11:53:23'),
(424, 'شهرزو', 11, '2020-03-29 11:53:23', '2020-03-29 11:53:23'),
(425, 'صالح آباد', 11, '2020-03-29 11:53:23', '2020-03-29 11:53:23'),
(426, 'طرقبه', 11, '2020-03-29 11:53:23', '2020-03-29 11:53:23'),
(427, 'عشق آباد', 11, '2020-03-29 11:53:23', '2020-03-29 11:53:23'),
(428, 'فرهادگرد', 11, '2020-03-29 11:53:23', '2020-03-29 11:53:23'),
(429, 'فريمان', 11, '2020-03-29 11:53:23', '2020-03-29 11:53:23'),
(430, 'فيروزه', 11, '2020-03-29 11:53:23', '2020-03-29 11:53:23'),
(431, 'فيض آباد', 11, '2020-03-29 11:53:23', '2020-03-29 11:53:23'),
(432, 'قاسم آباد', 11, '2020-03-29 11:53:23', '2020-03-29 11:53:23'),
(433, 'قدمگاه', 11, '2020-03-29 11:53:23', '2020-03-29 11:53:23'),
(434, 'قلندرآباد', 11, '2020-03-29 11:53:23', '2020-03-29 11:53:23'),
(435, 'قوچان', 11, '2020-03-29 11:53:23', '2020-03-29 11:53:23'),
(436, 'كاخک', 11, '2020-03-29 11:53:23', '2020-03-29 11:53:23'),
(437, 'كاريز', 11, '2020-03-29 11:53:23', '2020-03-29 11:53:23'),
(438, 'كاشمر', 11, '2020-03-29 11:53:23', '2020-03-29 11:53:23'),
(439, 'كدكن', 11, '2020-03-29 11:53:23', '2020-03-29 11:53:23'),
(440, 'كلات', 11, '2020-03-29 11:53:23', '2020-03-29 11:53:23'),
(441, 'كندر', 11, '2020-03-29 11:53:23', '2020-03-29 11:53:23'),
(442, 'گلمكان', 11, '2020-03-29 11:53:23', '2020-03-29 11:53:23'),
(443, 'گناباد', 11, '2020-03-29 11:53:23', '2020-03-29 11:53:23'),
(444, 'لطف آباد', 11, '2020-03-29 11:53:23', '2020-03-29 11:53:23'),
(445, 'مزدآوند', 11, '2020-03-29 11:53:23', '2020-03-29 11:53:23'),
(446, 'مشهد', 11, '2020-03-29 11:53:23', '2020-03-29 11:53:23'),
(447, 'مشهدريزه', 11, '2020-03-29 11:53:23', '2020-03-29 11:53:23'),
(448, 'ملك آباد', 11, '2020-03-29 11:53:23', '2020-03-29 11:53:23'),
(449, 'نشتيفان', 11, '2020-03-29 11:53:23', '2020-03-29 11:53:23'),
(450, 'نصر آباد', 11, '2020-03-29 11:53:23', '2020-03-29 11:53:23'),
(451, 'نقاب', 11, '2020-03-29 11:53:23', '2020-03-29 11:53:23'),
(452, 'نوخندان', 11, '2020-03-29 11:53:23', '2020-03-29 11:53:23'),
(453, 'نيشابور', 11, '2020-03-29 11:53:23', '2020-03-29 11:53:23'),
(454, 'نيل شهر', 11, '2020-03-29 11:53:23', '2020-03-29 11:53:23'),
(455, 'همت آباد', 11, '2020-03-29 11:53:23', '2020-03-29 11:53:23'),
(456, 'يونسی', 11, '2020-03-29 11:53:23', '2020-03-29 11:53:23'),
(457, 'اسفراين', 12, '2020-03-29 11:54:22', '2020-03-29 11:54:35'),
(458, 'ايور', 12, '2020-03-29 11:54:22', '2020-03-29 11:56:46'),
(459, 'آشخانه', 12, '2020-03-29 11:54:22', '2020-03-29 11:56:57'),
(460, 'بجنورد', 12, '2020-03-29 11:54:22', '2020-03-29 11:55:12'),
(461, 'پيش قلعه', 12, '2020-03-29 11:54:22', '2020-03-29 11:56:22'),
(462, 'تيتكانلو', 12, '2020-03-29 11:54:22', '2020-03-29 11:55:19'),
(463, 'جاجرم', 12, '2020-03-29 11:54:22', '2020-03-29 11:56:37'),
(464, 'حصارگرمخان', 12, '2020-03-29 11:54:22', '2020-03-29 11:55:02'),
(465, 'درق', 12, '2020-03-29 11:54:22', '2020-03-29 11:55:40'),
(466, 'راز', 12, '2020-03-29 11:54:22', '2020-03-29 11:55:29'),
(467, 'سنخواست', 12, '2020-03-29 11:54:22', '2020-03-29 11:57:09'),
(468, 'شوقان', 12, '2020-03-29 11:54:22', '2020-03-29 11:54:45'),
(469, 'شيروان', 12, '2020-03-29 11:54:22', '2020-03-29 11:54:54'),
(470, 'صفي آباد', 12, '2020-03-29 11:54:22', '2020-03-29 11:56:29'),
(471, 'فاروج', 12, '2020-03-29 11:54:22', '2020-03-29 11:56:04'),
(472, 'قاضي', 12, '2020-03-29 11:54:22', '2020-03-29 11:56:14'),
(473, 'گرمه', 12, '2020-03-29 11:54:22', '2020-03-29 11:55:57'),
(474, 'لوجلی', 12, '2020-03-29 11:54:22', '2020-03-29 11:55:48'),
(475, 'اروندكنار', 13, '2020-03-29 11:59:27', '2020-03-29 11:59:27'),
(476, 'الوان', 13, '2020-03-29 11:59:27', '2020-03-29 11:59:27'),
(477, 'اميديه', 13, '2020-03-29 11:59:27', '2020-03-29 11:59:27'),
(478, 'انديمشک', 13, '2020-03-29 11:59:27', '2020-03-29 11:59:27'),
(479, 'اهواز', 13, '2020-03-29 11:59:27', '2020-03-29 11:59:27'),
(480, 'ايذه', 13, '2020-03-29 11:59:27', '2020-03-29 11:59:27'),
(481, 'آبادان', 13, '2020-03-29 11:59:27', '2020-03-29 11:59:27'),
(482, 'آغاجاري', 13, '2020-03-29 11:59:27', '2020-03-29 11:59:27'),
(483, 'باغ ملک', 13, '2020-03-29 11:59:27', '2020-03-29 11:59:27'),
(484, 'بستان', 13, '2020-03-29 11:59:27', '2020-03-29 11:59:27'),
(485, 'بندرامام خميني', 13, '2020-03-29 11:59:27', '2020-03-29 11:59:27'),
(486, 'بندرماهشهر', 13, '2020-03-29 11:59:27', '2020-03-29 11:59:27'),
(487, 'بهبهان', 13, '2020-03-29 11:59:27', '2020-03-29 11:59:27'),
(488, 'تركالكي', 13, '2020-03-29 11:59:27', '2020-03-29 11:59:27'),
(489, 'جايزان', 13, '2020-03-29 11:59:27', '2020-03-29 11:59:27'),
(490, 'جنت مكان', 13, '2020-03-29 11:59:27', '2020-03-29 11:59:27'),
(491, 'چغاميش', 13, '2020-03-29 11:59:27', '2020-03-29 11:59:27'),
(492, 'چمران', 13, '2020-03-29 11:59:27', '2020-03-29 11:59:27'),
(493, 'چوئبده', 13, '2020-03-29 11:59:27', '2020-03-29 11:59:27'),
(494, 'حر', 13, '2020-03-29 11:59:27', '2020-03-29 11:59:27'),
(495, 'حسينيه', 13, '2020-03-29 11:59:27', '2020-03-29 11:59:27'),
(496, 'حمزه', 13, '2020-03-29 11:59:27', '2020-03-29 11:59:27'),
(497, 'حميديه', 13, '2020-03-29 11:59:27', '2020-03-29 11:59:27'),
(498, 'خرمشهر', 13, '2020-03-29 11:59:27', '2020-03-29 11:59:27'),
(499, 'دارخوين', 13, '2020-03-29 11:59:27', '2020-03-29 11:59:27'),
(500, 'دزآب', 13, '2020-03-29 11:59:27', '2020-03-29 11:59:27'),
(501, 'دزفول', 13, '2020-03-29 11:59:27', '2020-03-29 11:59:27'),
(502, 'دهدز', 13, '2020-03-29 11:59:27', '2020-03-29 11:59:27'),
(503, 'رامشير', 13, '2020-03-29 11:59:27', '2020-03-29 11:59:27'),
(504, 'رامهرمز', 13, '2020-03-29 11:59:27', '2020-03-29 11:59:27'),
(505, 'رفيع', 13, '2020-03-29 11:59:27', '2020-03-29 11:59:27'),
(506, 'زهره', 13, '2020-03-29 11:59:27', '2020-03-29 11:59:27'),
(507, 'سالند', 13, '2020-03-29 11:59:27', '2020-03-29 11:59:27'),
(508, 'سردشت', 13, '2020-03-29 11:59:27', '2020-03-29 11:59:27'),
(509, 'سماله', 13, '2020-03-29 11:59:27', '2020-03-29 11:59:27'),
(510, 'سوسنگرد', 13, '2020-03-29 11:59:27', '2020-03-29 11:59:27'),
(511, 'شادگان', 13, '2020-03-29 11:59:27', '2020-03-29 11:59:27'),
(512, 'شاوور', 13, '2020-03-29 11:59:27', '2020-03-29 11:59:27'),
(513, 'شرافت', 13, '2020-03-29 11:59:27', '2020-03-29 11:59:27'),
(514, 'شوش', 13, '2020-03-29 11:59:27', '2020-03-29 11:59:27'),
(515, 'شوشتر', 13, '2020-03-29 11:59:27', '2020-03-29 11:59:27'),
(516, 'شيبان', 13, '2020-03-29 11:59:27', '2020-03-29 11:59:27'),
(517, 'صالح شهر', 13, '2020-03-29 11:59:27', '2020-03-29 11:59:27'),
(518, 'صالح مشطط', 13, '2020-03-29 11:59:27', '2020-03-29 11:59:27'),
(519, 'صفي آباد', 13, '2020-03-29 11:59:27', '2020-03-29 11:59:27'),
(520, 'صيدون', 13, '2020-03-29 11:59:27', '2020-03-29 11:59:27'),
(521, 'قلعه تل', 13, '2020-03-29 11:59:27', '2020-03-29 11:59:27'),
(522, 'قلعه خواجه', 13, '2020-03-29 11:59:27', '2020-03-29 11:59:27'),
(523, 'گتوند', 13, '2020-03-29 11:59:27', '2020-03-29 11:59:27'),
(524, 'گوريه', 13, '2020-03-29 11:59:27', '2020-03-29 11:59:27'),
(525, 'لالي', 13, '2020-03-29 11:59:27', '2020-03-29 11:59:27'),
(526, 'مسجدسليمان', 13, '2020-03-29 11:59:27', '2020-03-29 11:59:27'),
(527, 'مشراگه', 13, '2020-03-29 11:59:27', '2020-03-29 11:59:27'),
(528, 'مقاومت', 13, '2020-03-29 11:59:27', '2020-03-29 11:59:27'),
(529, 'ملاثاني', 13, '2020-03-29 11:59:27', '2020-03-29 11:59:27'),
(530, 'ميانرود', 13, '2020-03-29 11:59:27', '2020-03-29 11:59:27'),
(531, 'ميداود', 13, '2020-03-29 11:59:27', '2020-03-29 11:59:27'),
(532, 'مينوشهر', 13, '2020-03-29 11:59:27', '2020-03-29 11:59:27'),
(533, 'ويس', 13, '2020-03-29 11:59:27', '2020-03-29 11:59:27'),
(534, 'هفتگل', 13, '2020-03-29 11:59:27', '2020-03-29 11:59:27'),
(535, 'هنديجان', 13, '2020-03-29 11:59:27', '2020-03-29 11:59:27'),
(536, 'هويزه', 13, '2020-03-29 11:59:27', '2020-03-29 11:59:27'),
(537, 'ابهر', 14, '2020-03-29 12:00:27', '2020-03-29 12:00:27'),
(538, 'ارمغانخانه', 14, '2020-03-29 12:00:27', '2020-03-29 12:00:27'),
(539, 'آب بر', 14, '2020-03-29 12:00:27', '2020-03-29 12:00:27'),
(540, 'چورزق', 14, '2020-03-29 12:00:27', '2020-03-29 12:00:27'),
(541, 'حلب', 14, '2020-03-29 12:00:27', '2020-03-29 12:00:27'),
(542, 'خرمدره', 14, '2020-03-29 12:00:27', '2020-03-29 12:00:27'),
(543, 'دندي', 14, '2020-03-29 12:00:27', '2020-03-29 12:00:27'),
(544, 'زرين آباد', 14, '2020-03-29 12:00:27', '2020-03-29 12:00:27'),
(545, 'زرين رود', 14, '2020-03-29 12:00:27', '2020-03-29 12:00:27'),
(546, 'زنجان', 14, '2020-03-29 12:00:27', '2020-03-29 12:00:27'),
(547, 'سجاس', 14, '2020-03-29 12:00:27', '2020-03-29 12:00:27'),
(548, 'سلطانيه', 14, '2020-03-29 12:00:27', '2020-03-29 12:00:27'),
(549, 'سهرورد', 14, '2020-03-29 12:00:27', '2020-03-29 12:00:27'),
(550, 'صائين قلعه', 14, '2020-03-29 12:00:27', '2020-03-29 12:00:27'),
(551, 'قيدار', 14, '2020-03-29 12:00:27', '2020-03-29 12:00:27'),
(552, 'گرماب', 14, '2020-03-29 12:00:27', '2020-03-29 12:00:27'),
(553, 'ماه نشان', 14, '2020-03-29 12:00:27', '2020-03-29 12:00:27'),
(554, 'هيدج', 14, '2020-03-29 12:00:27', '2020-03-29 12:00:27'),
(555, 'اميريه', 15, '2020-03-29 12:01:18', '2020-03-29 12:01:18'),
(556, 'ايوانكي', 15, '2020-03-29 12:01:18', '2020-03-29 12:01:18'),
(557, 'آرادان', 15, '2020-03-29 12:01:18', '2020-03-29 12:01:18'),
(558, 'بسطام', 15, '2020-03-29 12:01:18', '2020-03-29 12:01:18'),
(559, 'بيارجمند', 15, '2020-03-29 12:01:18', '2020-03-29 12:01:18'),
(560, 'دامغان', 15, '2020-03-29 12:01:18', '2020-03-29 12:01:18'),
(561, 'درجزين', 15, '2020-03-29 12:01:18', '2020-03-29 12:01:18'),
(562, 'ديباج', 15, '2020-03-29 12:01:18', '2020-03-29 12:01:18'),
(563, 'سرخه', 15, '2020-03-29 12:01:18', '2020-03-29 12:01:18'),
(564, 'سمنان', 15, '2020-03-29 12:01:18', '2020-03-29 12:01:18'),
(565, 'شاهرود', 15, '2020-03-29 12:01:18', '2020-03-29 12:01:18'),
(566, 'شهميرزاد', 15, '2020-03-29 12:01:18', '2020-03-29 12:01:18'),
(567, 'كلاته خيج', 15, '2020-03-29 12:01:18', '2020-03-29 12:01:18'),
(568, 'گرمسار', 15, '2020-03-29 12:01:18', '2020-03-29 12:01:18'),
(569, 'مجن', 15, '2020-03-29 12:01:18', '2020-03-29 12:01:18'),
(570, 'مهدي شهر', 15, '2020-03-29 12:01:18', '2020-03-29 12:01:18'),
(571, 'ميامی', 15, '2020-03-29 12:01:18', '2020-03-29 12:01:18'),
(572, 'اديمي', 16, '2020-03-29 12:02:55', '2020-03-29 12:02:55'),
(573, 'اسپكه', 16, '2020-03-29 12:02:55', '2020-03-29 12:02:55'),
(574, 'ايرانشهر', 16, '2020-03-29 12:02:55', '2020-03-29 12:02:55'),
(575, 'بزمان', 16, '2020-03-29 12:02:55', '2020-03-29 12:02:55'),
(576, 'بمپور', 16, '2020-03-29 12:02:55', '2020-03-29 12:02:55'),
(577, 'بنت', 16, '2020-03-29 12:02:55', '2020-03-29 12:02:55'),
(578, 'بنجار', 16, '2020-03-29 12:02:55', '2020-03-29 12:02:55'),
(579, 'پيشين', 16, '2020-03-29 12:02:55', '2020-03-29 12:02:55'),
(580, 'جالق', 16, '2020-03-29 12:02:55', '2020-03-29 12:02:55'),
(581, 'چاه بهار', 16, '2020-03-29 12:02:55', '2020-03-29 12:02:55'),
(582, 'خاش', 16, '2020-03-29 12:02:55', '2020-03-29 12:02:55'),
(583, 'دوست محمد', 16, '2020-03-29 12:02:55', '2020-03-29 12:02:55'),
(584, 'راسک', 16, '2020-03-29 12:02:55', '2020-03-29 12:02:55'),
(585, 'زابل', 16, '2020-03-29 12:02:55', '2020-03-29 12:02:55'),
(586, 'زابلي', 16, '2020-03-29 12:02:55', '2020-03-29 12:02:55'),
(587, 'زاهدان', 16, '2020-03-29 12:02:55', '2020-03-29 12:02:55'),
(588, 'زرآباد', 16, '2020-03-29 12:02:55', '2020-03-29 12:02:55'),
(589, 'زهک', 16, '2020-03-29 12:02:55', '2020-03-29 12:02:55'),
(590, 'سراوان', 16, '2020-03-29 12:02:55', '2020-03-29 12:02:55'),
(591, 'سرباز', 16, '2020-03-29 12:02:55', '2020-03-29 12:02:55'),
(592, 'سوران', 16, '2020-03-29 12:02:55', '2020-03-29 12:02:55'),
(593, 'سيركان', 16, '2020-03-29 12:02:55', '2020-03-29 12:02:55'),
(594, 'علي اكبر', 16, '2020-03-29 12:02:55', '2020-03-29 12:02:55'),
(595, 'فنوج', 16, '2020-03-29 12:02:55', '2020-03-29 12:02:55'),
(596, 'قصرقند', 16, '2020-03-29 12:02:55', '2020-03-29 12:02:55'),
(597, 'كنارک', 16, '2020-03-29 12:02:55', '2020-03-29 12:02:55'),
(598, 'گشت', 16, '2020-03-29 12:02:55', '2020-03-29 12:02:55'),
(599, 'گلمورتي', 16, '2020-03-29 12:02:55', '2020-03-29 12:02:55'),
(600, 'محمدان', 16, '2020-03-29 12:02:55', '2020-03-29 12:02:55'),
(601, 'محمد آباد', 16, '2020-03-29 12:02:55', '2020-03-29 12:02:55'),
(602, 'محمدي', 16, '2020-03-29 12:02:55', '2020-03-29 12:02:55'),
(603, 'ميرجاوه', 16, '2020-03-29 12:02:55', '2020-03-29 12:02:55'),
(604, 'نصرت آباد', 16, '2020-03-29 12:02:55', '2020-03-29 12:02:55'),
(605, 'نگور', 16, '2020-03-29 12:02:55', '2020-03-29 12:02:55'),
(606, 'نوک آباد', 16, '2020-03-29 12:02:55', '2020-03-29 12:02:55'),
(607, 'نيک شهر', 16, '2020-03-29 12:02:55', '2020-03-29 12:02:55'),
(608, 'هيدوج', 16, '2020-03-29 12:02:55', '2020-03-29 12:02:55'),
(609, 'اردكان', 17, '2020-03-29 12:06:03', '2020-03-29 12:06:03'),
(610, 'ارسنجان', 17, '2020-03-29 12:06:03', '2020-03-29 12:06:03'),
(611, 'استهبان', 17, '2020-03-29 12:06:03', '2020-03-29 12:06:03'),
(612, 'اسير', 17, '2020-03-29 12:06:03', '2020-03-29 12:06:03'),
(613, 'اشكنان', 17, '2020-03-29 12:06:03', '2020-03-29 12:06:03'),
(614, 'افزر', 17, '2020-03-29 12:06:03', '2020-03-29 12:06:03'),
(615, 'اقليد', 17, '2020-03-29 12:06:03', '2020-03-29 12:06:03'),
(616, 'امام شهر', 17, '2020-03-29 12:06:03', '2020-03-29 12:06:03'),
(617, 'اوز', 17, '2020-03-29 12:06:03', '2020-03-29 12:06:03'),
(618, 'اهل', 17, '2020-03-29 12:06:03', '2020-03-29 12:06:03'),
(619, 'ايج', 17, '2020-03-29 12:06:03', '2020-03-29 12:06:03'),
(620, 'ايزدخواست', 17, '2020-03-29 12:06:03', '2020-03-29 12:06:03'),
(621, 'آباده', 17, '2020-03-29 12:06:03', '2020-03-29 12:06:03'),
(622, 'آباده طشک', 17, '2020-03-29 12:06:03', '2020-03-29 12:06:03'),
(623, 'باب انار', 17, '2020-03-29 12:06:03', '2020-03-29 12:06:03'),
(624, 'بالاده', 17, '2020-03-29 12:06:03', '2020-03-29 12:06:03'),
(625, 'بنارويه', 17, '2020-03-29 12:06:03', '2020-03-29 12:06:03'),
(626, 'بوانات', 17, '2020-03-29 12:06:03', '2020-03-29 12:06:03'),
(627, 'بهمن', 17, '2020-03-29 12:06:03', '2020-03-29 12:06:03'),
(628, 'بيرم', 17, '2020-03-29 12:06:03', '2020-03-29 12:06:03'),
(629, 'بيضا', 17, '2020-03-29 12:06:03', '2020-03-29 12:06:03'),
(630, 'جنت شهر', 17, '2020-03-29 12:06:03', '2020-03-29 12:06:03'),
(631, 'جويم', 17, '2020-03-29 12:06:03', '2020-03-29 12:06:03'),
(632, 'جهرم', 17, '2020-03-29 12:06:03', '2020-03-29 12:06:03'),
(633, 'حاجي آباد', 17, '2020-03-29 12:06:03', '2020-03-29 12:06:03'),
(634, 'حسامي', 17, '2020-03-29 12:06:03', '2020-03-29 12:06:03'),
(635, 'حسن آباد', 17, '2020-03-29 12:06:03', '2020-03-29 12:06:03'),
(636, 'خانه زنيان', 17, '2020-03-29 12:06:03', '2020-03-29 12:06:03'),
(637, 'خاوران', 17, '2020-03-29 12:06:03', '2020-03-29 12:06:03'),
(638, 'خرامه', 17, '2020-03-29 12:06:03', '2020-03-29 12:06:03'),
(639, 'خشت', 17, '2020-03-29 12:06:03', '2020-03-29 12:06:03'),
(640, 'خنج', 17, '2020-03-29 12:06:03', '2020-03-29 12:06:03'),
(641, 'خور', 17, '2020-03-29 12:06:03', '2020-03-29 12:06:03'),
(642, 'خومه زار', 17, '2020-03-29 12:06:03', '2020-03-29 12:06:03'),
(643, 'داراب', 17, '2020-03-29 12:06:03', '2020-03-29 12:06:03'),
(644, 'داريان', 17, '2020-03-29 12:06:03', '2020-03-29 12:06:03'),
(645, 'دبيران', 17, '2020-03-29 12:06:03', '2020-03-29 12:06:03'),
(646, 'دژكرد', 17, '2020-03-29 12:06:03', '2020-03-29 12:06:03'),
(647, 'دوبرجي', 17, '2020-03-29 12:06:03', '2020-03-29 12:06:03'),
(648, 'دوزه', 17, '2020-03-29 12:06:03', '2020-03-29 12:06:03'),
(649, 'دهرم', 17, '2020-03-29 12:06:03', '2020-03-29 12:06:03'),
(650, 'رامجرد', 17, '2020-03-29 12:06:03', '2020-03-29 12:06:03'),
(651, 'رونيز', 17, '2020-03-29 12:06:03', '2020-03-29 12:06:03'),
(652, 'زاهدشهر', 17, '2020-03-29 12:06:03', '2020-03-29 12:06:03'),
(653, 'زرقان', 17, '2020-03-29 12:06:03', '2020-03-29 12:06:03'),
(654, 'سده', 17, '2020-03-29 12:06:03', '2020-03-29 12:06:03'),
(655, 'سروستان', 17, '2020-03-29 12:06:03', '2020-03-29 12:06:03'),
(656, 'سعادت شهر', 17, '2020-03-29 12:06:03', '2020-03-29 12:06:03'),
(657, 'سورمق', 17, '2020-03-29 12:06:03', '2020-03-29 12:06:03'),
(658, 'سيدان', 17, '2020-03-29 12:06:03', '2020-03-29 12:06:03'),
(659, 'ششده', 17, '2020-03-29 12:06:03', '2020-03-29 12:06:03'),
(660, 'شهر جديد صدرا', 17, '2020-03-29 12:06:03', '2020-03-29 12:06:03'),
(661, 'شهرپير', 17, '2020-03-29 12:06:03', '2020-03-29 12:06:03'),
(662, 'شيراز', 17, '2020-03-29 12:06:03', '2020-03-29 12:06:03'),
(663, 'صغاد', 17, '2020-03-29 12:06:03', '2020-03-29 12:06:03'),
(664, 'صفاشهر', 17, '2020-03-29 12:06:03', '2020-03-29 12:06:03'),
(665, 'علامرودشت', 17, '2020-03-29 12:06:03', '2020-03-29 12:06:03'),
(666, 'عمادده', 17, '2020-03-29 12:06:03', '2020-03-29 12:06:03'),
(667, 'فدامي', 17, '2020-03-29 12:06:03', '2020-03-29 12:06:03'),
(668, 'فراشبند', 17, '2020-03-29 12:06:03', '2020-03-29 12:06:03'),
(669, 'فسا', 17, '2020-03-29 12:06:03', '2020-03-29 12:06:03'),
(670, 'فيروزآباد', 17, '2020-03-29 12:06:03', '2020-03-29 12:06:03'),
(671, 'قادرآباد', 17, '2020-03-29 12:06:03', '2020-03-29 12:06:03'),
(672, 'قائميه', 17, '2020-03-29 12:06:03', '2020-03-29 12:06:03'),
(673, 'قطب آباد', 17, '2020-03-29 12:06:03', '2020-03-29 12:06:03'),
(674, 'قطرويه', 17, '2020-03-29 12:06:03', '2020-03-29 12:06:03'),
(675, 'قير', 17, '2020-03-29 12:06:03', '2020-03-29 12:06:03'),
(676, 'كارزين', 17, '2020-03-29 12:06:03', '2020-03-29 12:06:03'),
(677, 'كازرون', 17, '2020-03-29 12:06:03', '2020-03-29 12:06:03'),
(678, 'كامفيروز', 17, '2020-03-29 12:06:03', '2020-03-29 12:06:03'),
(679, 'كره اي', 17, '2020-03-29 12:06:03', '2020-03-29 12:06:03'),
(680, 'كنارتخته', 17, '2020-03-29 12:06:03', '2020-03-29 12:06:03'),
(681, 'كوار', 17, '2020-03-29 12:06:03', '2020-03-29 12:06:03'),
(682, 'كوهنجان', 17, '2020-03-29 12:06:03', '2020-03-29 12:06:03'),
(683, 'گراش', 17, '2020-03-29 12:06:03', '2020-03-29 12:06:03'),
(684, 'گله دار', 17, '2020-03-29 12:06:03', '2020-03-29 12:06:03'),
(685, 'لار', 17, '2020-03-29 12:06:03', '2020-03-29 12:06:03'),
(686, 'لامرد', 17, '2020-03-29 12:06:03', '2020-03-29 12:06:03'),
(687, 'لپوئي', 17, '2020-03-29 12:06:03', '2020-03-29 12:06:03'),
(688, 'لطيفي', 17, '2020-03-29 12:06:03', '2020-03-29 12:06:03'),
(689, 'مبارك آباد', 17, '2020-03-29 12:06:03', '2020-03-29 12:06:03'),
(690, 'مرودشت', 17, '2020-03-29 12:06:03', '2020-03-29 12:06:03'),
(691, 'مشكان', 17, '2020-03-29 12:06:03', '2020-03-29 12:06:03'),
(692, 'مصيري', 17, '2020-03-29 12:06:03', '2020-03-29 12:06:03'),
(693, 'مهر', 17, '2020-03-29 12:06:03', '2020-03-29 12:06:03'),
(694, 'ميمند', 17, '2020-03-29 12:06:03', '2020-03-29 12:06:03'),
(695, 'نوبندگان', 17, '2020-03-29 12:06:03', '2020-03-29 12:06:03'),
(696, 'نوجين', 17, '2020-03-29 12:06:03', '2020-03-29 12:06:03'),
(697, 'نودان', 17, '2020-03-29 12:06:03', '2020-03-29 12:06:03'),
(698, 'نورآباد', 17, '2020-03-29 12:06:03', '2020-03-29 12:06:03'),
(699, 'ني ريز', 17, '2020-03-29 12:06:03', '2020-03-29 12:06:03'),
(700, 'وراوي', 17, '2020-03-29 12:06:03', '2020-03-29 12:06:03'),
(701, 'هماشهر', 17, '2020-03-29 12:06:03', '2020-03-29 12:06:03'),
(702, 'ارداق', 18, '2020-03-29 12:07:29', '2020-03-29 12:07:29'),
(703, 'اسفرورين', 18, '2020-03-29 12:07:29', '2020-03-29 12:07:29'),
(704, 'اقباليه', 18, '2020-03-29 12:07:29', '2020-03-29 12:07:29'),
(705, 'الوند', 18, '2020-03-29 12:07:29', '2020-03-29 12:07:29'),
(706, 'آبگرم', 18, '2020-03-29 12:07:29', '2020-03-29 12:07:29'),
(707, 'آبيک', 18, '2020-03-29 12:07:29', '2020-03-29 12:07:29'),
(708, 'آوج', 18, '2020-03-29 12:07:29', '2020-03-29 12:07:29'),
(709, 'بوئين زهرا', 18, '2020-03-29 12:07:29', '2020-03-29 12:07:29'),
(710, 'بيدستان', 18, '2020-03-29 12:07:29', '2020-03-29 12:07:29'),
(711, 'تاكستان', 18, '2020-03-29 12:07:29', '2020-03-29 12:07:29'),
(712, 'خاكعلي', 18, '2020-03-29 12:07:29', '2020-03-29 12:07:29'),
(713, 'خرمدشت', 18, '2020-03-29 12:07:29', '2020-03-29 12:07:29'),
(714, 'دانسفهان', 18, '2020-03-29 12:07:29', '2020-03-29 12:07:29'),
(715, 'رازميان', 18, '2020-03-29 12:07:29', '2020-03-29 12:07:29'),
(716, 'سگزآباد', 18, '2020-03-29 12:07:29', '2020-03-29 12:07:29'),
(717, 'سيردان', 18, '2020-03-29 12:07:29', '2020-03-29 12:07:29'),
(718, 'شال', 18, '2020-03-29 12:07:29', '2020-03-29 12:07:29'),
(719, 'شريفيه', 18, '2020-03-29 12:07:29', '2020-03-29 12:07:29'),
(720, 'ضياءآباد', 18, '2020-03-29 12:07:29', '2020-03-29 12:07:29'),
(721, 'قزوين', 18, '2020-03-29 12:07:29', '2020-03-29 12:07:29'),
(722, 'كوهين', 18, '2020-03-29 12:07:29', '2020-03-29 12:07:29'),
(723, 'محمديه', 18, '2020-03-29 12:07:29', '2020-03-29 12:07:29'),
(724, 'محمودآبادنمونه', 18, '2020-03-29 12:07:29', '2020-03-29 12:07:29'),
(725, 'معلم كلايه', 18, '2020-03-29 12:07:29', '2020-03-29 12:07:29'),
(726, 'نرجه', 18, '2020-03-29 12:07:29', '2020-03-29 12:07:29'),
(727, 'جعفريه', 19, '2020-03-29 12:08:13', '2020-03-29 12:08:13'),
(728, 'دستجرد', 19, '2020-03-29 12:08:13', '2020-03-29 12:08:13'),
(729, 'سلفچگان', 19, '2020-03-29 12:08:13', '2020-03-29 12:08:13'),
(730, 'قم', 19, '2020-03-29 12:08:13', '2020-03-29 12:08:13'),
(731, 'قنوات', 19, '2020-03-29 12:08:13', '2020-03-29 12:08:13'),
(732, 'كهک', 19, '2020-03-29 12:08:13', '2020-03-29 12:08:13'),
(733, 'آرمرده', 20, '2020-03-29 12:09:32', '2020-03-29 12:09:32'),
(734, 'بابارشاني', 20, '2020-03-29 12:09:32', '2020-03-29 12:09:32'),
(735, 'بانه', 20, '2020-03-29 12:09:32', '2020-03-29 12:09:32'),
(736, 'بلبان آباد', 20, '2020-03-29 12:09:32', '2020-03-29 12:09:32'),
(737, 'بوئين سفلي', 20, '2020-03-29 12:09:32', '2020-03-29 12:09:32'),
(738, 'بيجار', 20, '2020-03-29 12:09:32', '2020-03-29 12:09:32'),
(739, 'چناره', 20, '2020-03-29 12:09:32', '2020-03-29 12:09:32'),
(740, 'دزج', 20, '2020-03-29 12:09:32', '2020-03-29 12:09:32'),
(741, 'دلبران', 20, '2020-03-29 12:09:32', '2020-03-29 12:09:32'),
(742, 'دهگلان', 20, '2020-03-29 12:09:32', '2020-03-29 12:09:32'),
(743, 'ديواندره', 20, '2020-03-29 12:09:32', '2020-03-29 12:09:32'),
(744, 'زرينه', 20, '2020-03-29 12:09:32', '2020-03-29 12:09:32'),
(745, 'سروآباد', 20, '2020-03-29 12:09:32', '2020-03-29 12:09:32'),
(746, 'سريش آباد', 20, '2020-03-29 12:09:32', '2020-03-29 12:09:32'),
(747, 'سقز', 20, '2020-03-29 12:09:32', '2020-03-29 12:09:32'),
(748, 'سنندج', 20, '2020-03-29 12:09:32', '2020-03-29 12:09:32'),
(749, 'شويشه', 20, '2020-03-29 12:09:32', '2020-03-29 12:09:32'),
(750, 'صاحب', 20, '2020-03-29 12:09:32', '2020-03-29 12:09:32'),
(751, 'قروه', 20, '2020-03-29 12:09:32', '2020-03-29 12:09:32'),
(752, 'كامياران', 20, '2020-03-29 12:09:32', '2020-03-29 12:09:32'),
(753, 'كاني دينار', 20, '2020-03-29 12:09:32', '2020-03-29 12:09:32'),
(754, 'كاني سور', 20, '2020-03-29 12:09:32', '2020-03-29 12:09:32'),
(755, 'مريوان', 20, '2020-03-29 12:09:32', '2020-03-29 12:09:32'),
(756, 'موچش', 20, '2020-03-29 12:09:32', '2020-03-29 12:09:32'),
(757, 'ياسوكند', 20, '2020-03-29 12:09:32', '2020-03-29 12:09:32'),
(758, 'اختيارآباد', 21, '2020-03-29 12:14:25', '2020-03-29 12:14:25'),
(759, 'ارزوئيه', 21, '2020-03-29 12:14:25', '2020-03-29 12:14:25'),
(760, 'امين شهر', 21, '2020-03-29 12:14:25', '2020-03-29 12:14:25'),
(761, 'انار', 21, '2020-03-29 12:14:25', '2020-03-29 12:14:25'),
(762, 'اندوهجرد', 21, '2020-03-29 12:14:25', '2020-03-29 12:14:25'),
(763, 'باغين', 21, '2020-03-29 12:14:25', '2020-03-29 12:14:25'),
(764, 'بافت', 21, '2020-03-29 12:14:25', '2020-03-29 12:14:25'),
(765, 'بردسير', 21, '2020-03-29 12:14:25', '2020-03-29 12:14:25'),
(766, 'بروات', 21, '2020-03-29 12:14:25', '2020-03-29 12:14:25'),
(767, 'بزنجان', 21, '2020-03-29 12:14:25', '2020-03-29 12:14:25'),
(768, 'بم', 21, '2020-03-29 12:14:25', '2020-03-29 12:14:25'),
(769, 'بهرمان', 21, '2020-03-29 12:14:25', '2020-03-29 12:14:25'),
(770, 'پاريز', 21, '2020-03-29 12:14:25', '2020-03-29 12:14:25'),
(771, 'جبالبارز', 21, '2020-03-29 12:14:25', '2020-03-29 12:14:25'),
(772, 'جوپار', 21, '2020-03-29 12:14:25', '2020-03-29 12:14:25'),
(773, 'جوزم', 21, '2020-03-29 12:14:25', '2020-03-29 12:14:25'),
(774, 'جيرفت', 21, '2020-03-29 12:14:25', '2020-03-29 12:14:25'),
(775, 'چترود', 21, '2020-03-29 12:14:25', '2020-03-29 12:14:25');
INSERT INTO `cities` (`id`, `name`, `province_id`, `created_at`, `updated_at`) VALUES
(776, 'خاتون آباد', 21, '2020-03-29 12:14:25', '2020-03-29 12:14:25'),
(777, 'خانوک', 21, '2020-03-29 12:14:25', '2020-03-29 12:14:25'),
(778, 'خورسند', 21, '2020-03-29 12:14:25', '2020-03-29 12:14:25'),
(779, 'درب بهشت', 21, '2020-03-29 12:14:25', '2020-03-29 12:14:25'),
(780, 'دوساري', 21, '2020-03-29 12:14:25', '2020-03-29 12:14:25'),
(781, 'دهج', 21, '2020-03-29 12:14:25', '2020-03-29 12:14:25'),
(782, 'رابر', 21, '2020-03-29 12:14:25', '2020-03-29 12:14:25'),
(783, 'راور', 21, '2020-03-29 12:14:25', '2020-03-29 12:14:25'),
(784, 'راين', 21, '2020-03-29 12:14:25', '2020-03-29 12:14:25'),
(785, 'رفسنجان', 21, '2020-03-29 12:14:25', '2020-03-29 12:14:25'),
(786, 'رودبار', 21, '2020-03-29 12:14:25', '2020-03-29 12:14:25'),
(787, 'ريحان شهر', 21, '2020-03-29 12:14:25', '2020-03-29 12:14:25'),
(788, 'زرند', 21, '2020-03-29 12:14:25', '2020-03-29 12:14:25'),
(789, 'زنگي آباد', 21, '2020-03-29 12:14:25', '2020-03-29 12:14:25'),
(790, 'زيدآباد', 21, '2020-03-29 12:14:25', '2020-03-29 12:14:25'),
(791, 'سرچشمه', 21, '2020-03-29 12:14:25', '2020-03-29 12:14:25'),
(792, 'سيرجان', 21, '2020-03-29 12:14:25', '2020-03-29 12:14:25'),
(793, 'شهداد', 21, '2020-03-29 12:14:25', '2020-03-29 12:14:25'),
(794, 'شهربابك', 21, '2020-03-29 12:14:25', '2020-03-29 12:14:25'),
(795, 'صفائيه', 21, '2020-03-29 12:14:25', '2020-03-29 12:14:25'),
(796, 'عنبرآباد', 21, '2020-03-29 12:14:25', '2020-03-29 12:14:25'),
(797, 'فارياب', 21, '2020-03-29 12:14:25', '2020-03-29 12:14:25'),
(798, 'فهرج', 21, '2020-03-29 12:14:25', '2020-03-29 12:14:25'),
(799, 'قلعه گنج', 21, '2020-03-29 12:14:25', '2020-03-29 12:14:25'),
(800, 'كاظم آباد', 21, '2020-03-29 12:14:25', '2020-03-29 12:14:25'),
(801, 'كرمان', 21, '2020-03-29 12:14:25', '2020-03-29 12:14:25'),
(802, 'كشكوئيه', 21, '2020-03-29 12:14:25', '2020-03-29 12:14:25'),
(803, 'كوهبنان', 21, '2020-03-29 12:14:25', '2020-03-29 12:14:25'),
(804, 'كهنوج', 21, '2020-03-29 12:14:25', '2020-03-29 12:14:25'),
(805, 'كيانشهر', 21, '2020-03-29 12:14:25', '2020-03-29 12:14:25'),
(806, 'گلباف', 21, '2020-03-29 12:14:25', '2020-03-29 12:14:25'),
(807, 'گلزار', 21, '2020-03-29 12:14:25', '2020-03-29 12:14:25'),
(808, 'لاله زار', 21, '2020-03-29 12:14:25', '2020-03-29 12:14:25'),
(809, 'ماهان', 21, '2020-03-29 12:14:25', '2020-03-29 12:14:25'),
(810, 'محمد آباد', 21, '2020-03-29 12:14:25', '2020-03-29 12:14:25'),
(811, 'محي آباد', 21, '2020-03-29 12:14:25', '2020-03-29 12:14:25'),
(812, 'مردهک', 21, '2020-03-29 12:14:25', '2020-03-29 12:14:25'),
(813, 'منوجان', 21, '2020-03-29 12:14:25', '2020-03-29 12:14:25'),
(814, 'نجف شهر', 21, '2020-03-29 12:14:25', '2020-03-29 12:14:25'),
(815, 'نرماشير', 21, '2020-03-29 12:14:25', '2020-03-29 12:14:25'),
(816, 'نظام شهر', 21, '2020-03-29 12:14:25', '2020-03-29 12:14:25'),
(817, 'نگار', 21, '2020-03-29 12:14:25', '2020-03-29 12:14:25'),
(818, 'نودژ', 21, '2020-03-29 12:14:25', '2020-03-29 12:14:25'),
(819, 'هجدک', 21, '2020-03-29 12:14:25', '2020-03-29 12:14:25'),
(820, 'هماشهر', 21, '2020-03-29 12:14:25', '2020-03-29 12:14:25'),
(821, 'يزدان شهر', 21, '2020-03-29 12:14:25', '2020-03-29 12:14:25'),
(822, 'ازگله', 22, '2020-03-29 12:15:57', '2020-03-29 12:15:57'),
(823, 'اسلام آبادغرب', 22, '2020-03-29 12:15:57', '2020-03-29 12:15:57'),
(824, 'باينگان', 22, '2020-03-29 12:15:57', '2020-03-29 12:15:57'),
(825, 'بيستون', 22, '2020-03-29 12:15:57', '2020-03-29 12:15:57'),
(826, 'پاوه', 22, '2020-03-29 12:15:57', '2020-03-29 12:15:57'),
(827, 'تازه آباد', 22, '2020-03-29 12:15:57', '2020-03-29 12:15:57'),
(828, 'جوانرود', 22, '2020-03-29 12:15:57', '2020-03-29 12:15:57'),
(829, 'حميل', 22, '2020-03-29 12:15:57', '2020-03-29 12:15:57'),
(830, 'رباط', 22, '2020-03-29 12:15:57', '2020-03-29 12:15:57'),
(831, 'روانسر', 22, '2020-03-29 12:15:57', '2020-03-29 12:15:57'),
(832, 'سرپل ذهاب', 22, '2020-03-29 12:15:57', '2020-03-29 12:15:57'),
(833, 'سرمست', 22, '2020-03-29 12:15:57', '2020-03-29 12:15:57'),
(834, 'سطر', 22, '2020-03-29 12:15:57', '2020-03-29 12:15:57'),
(835, 'سنقر', 22, '2020-03-29 12:15:57', '2020-03-29 12:15:57'),
(836, 'سومار', 22, '2020-03-29 12:15:57', '2020-03-29 12:15:57'),
(837, 'شاهو', 22, '2020-03-29 12:15:57', '2020-03-29 12:15:57'),
(838, 'صحنه', 22, '2020-03-29 12:15:57', '2020-03-29 12:15:57'),
(839, 'قصرشيرين', 22, '2020-03-29 12:15:57', '2020-03-29 12:15:57'),
(840, 'كرمانشاه', 22, '2020-03-29 12:15:57', '2020-03-29 12:15:57'),
(841, 'كرندغرب', 22, '2020-03-29 12:15:57', '2020-03-29 12:15:57'),
(842, 'كنگاور', 22, '2020-03-29 12:15:57', '2020-03-29 12:15:57'),
(843, 'كوزران', 22, '2020-03-29 12:15:57', '2020-03-29 12:15:57'),
(844, 'گهواره', 22, '2020-03-29 12:15:57', '2020-03-29 12:15:57'),
(845, 'گيلانغرب', 22, '2020-03-29 12:15:57', '2020-03-29 12:15:57'),
(846, 'ميان راهان', 22, '2020-03-29 12:15:57', '2020-03-29 12:15:57'),
(847, 'نودشه', 22, '2020-03-29 12:15:57', '2020-03-29 12:15:57'),
(848, 'نوسود', 22, '2020-03-29 12:15:57', '2020-03-29 12:15:57'),
(849, 'هرسين', 22, '2020-03-29 12:15:57', '2020-03-29 12:15:57'),
(850, 'هلشي', 22, '2020-03-29 12:15:57', '2020-03-29 12:15:57'),
(851, 'باشت', 23, '2020-03-29 12:16:41', '2020-03-29 12:16:41'),
(852, 'پاتاوه', 23, '2020-03-29 12:16:41', '2020-03-29 12:16:41'),
(853, 'چرام', 23, '2020-03-29 12:16:41', '2020-03-29 12:16:41'),
(854, 'چيتاب', 23, '2020-03-29 12:16:41', '2020-03-29 12:16:41'),
(855, 'دوگنبدان', 23, '2020-03-29 12:16:41', '2020-03-29 12:16:41'),
(856, 'دهدشت', 23, '2020-03-29 12:16:41', '2020-03-29 12:16:41'),
(857, 'ديشموک', 23, '2020-03-29 12:16:41', '2020-03-29 12:16:41'),
(858, 'سوق', 23, '2020-03-29 12:16:41', '2020-03-29 12:16:41'),
(859, 'سي سخت', 23, '2020-03-29 12:16:41', '2020-03-29 12:16:41'),
(860, 'قلعه رئيسي', 23, '2020-03-29 12:16:41', '2020-03-29 12:16:41'),
(861, 'گراب سفلي', 23, '2020-03-29 12:16:41', '2020-03-29 12:16:41'),
(862, 'لنده', 23, '2020-03-29 12:16:41', '2020-03-29 12:16:41'),
(863, 'ليكک', 23, '2020-03-29 12:16:41', '2020-03-29 12:16:41'),
(864, 'مادوان', 23, '2020-03-29 12:16:41', '2020-03-29 12:16:41'),
(865, 'مارگون', 23, '2020-03-29 12:16:41', '2020-03-29 12:16:41'),
(866, 'ياسوج', 23, '2020-03-29 12:16:41', '2020-03-29 12:16:41'),
(867, 'انبارآلوم', 24, '2020-03-29 12:17:51', '2020-03-29 12:17:51'),
(868, 'اينچه برون', 24, '2020-03-29 12:17:51', '2020-03-29 12:17:51'),
(869, 'آزادشهر', 24, '2020-03-29 12:17:51', '2020-03-29 12:17:51'),
(870, 'آق قلا', 24, '2020-03-29 12:17:51', '2020-03-29 12:17:51'),
(871, 'بندرگز', 24, '2020-03-29 12:17:51', '2020-03-29 12:17:51'),
(872, 'تركمن', 24, '2020-03-29 12:17:51', '2020-03-29 12:17:51'),
(873, 'جلين', 24, '2020-03-29 12:17:51', '2020-03-29 12:17:51'),
(874, 'خان ببين', 24, '2020-03-29 12:17:51', '2020-03-29 12:17:51'),
(875, 'دلند', 24, '2020-03-29 12:17:51', '2020-03-29 12:17:51'),
(876, 'راميان', 24, '2020-03-29 12:17:51', '2020-03-29 12:17:51'),
(877, 'سرخنكلاته', 24, '2020-03-29 12:17:51', '2020-03-29 12:17:51'),
(878, 'سيمين شهر', 24, '2020-03-29 12:17:51', '2020-03-29 12:17:51'),
(879, 'علي آباد', 24, '2020-03-29 12:17:51', '2020-03-29 12:17:51'),
(880, 'فاضل آباد', 24, '2020-03-29 12:17:51', '2020-03-29 12:17:51'),
(881, 'كردكوي', 24, '2020-03-29 12:17:51', '2020-03-29 12:17:51'),
(882, 'كلاله', 24, '2020-03-29 12:17:51', '2020-03-29 12:17:51'),
(883, 'گاليكش', 24, '2020-03-29 12:17:51', '2020-03-29 12:17:51'),
(884, 'گرگان', 24, '2020-03-29 12:17:51', '2020-03-29 12:17:51'),
(885, 'گميش تپه', 24, '2020-03-29 12:17:51', '2020-03-29 12:17:51'),
(886, 'گنبد كاووس', 24, '2020-03-29 12:17:51', '2020-03-29 12:17:51'),
(887, 'مراوه تپه', 24, '2020-03-29 12:17:51', '2020-03-29 12:17:51'),
(888, 'مينودشت', 24, '2020-03-29 12:17:51', '2020-03-29 12:17:51'),
(889, 'نگين شهر', 24, '2020-03-29 12:17:51', '2020-03-29 12:17:51'),
(890, 'نوده خاندوز', 24, '2020-03-29 12:17:51', '2020-03-29 12:17:51'),
(891, 'نوكنده', 24, '2020-03-29 12:17:51', '2020-03-29 12:17:51'),
(892, 'احمدسرگوراب', 1, '2020-03-29 12:20:43', '2020-03-29 12:20:43'),
(893, 'اسالم', 1, '2020-03-29 12:20:43', '2020-03-29 12:20:43'),
(894, 'اطاقور', 1, '2020-03-29 12:20:43', '2020-03-29 12:20:43'),
(895, 'املش', 1, '2020-03-29 12:20:43', '2020-03-29 12:20:43'),
(896, 'آستارا', 1, '2020-03-29 12:20:43', '2020-03-29 12:20:43'),
(897, 'آستانه اشرفيه', 1, '2020-03-29 12:20:43', '2020-03-29 12:20:43'),
(898, 'بازارجمعه', 1, '2020-03-29 12:20:43', '2020-03-29 12:20:43'),
(899, 'بره سر', 1, '2020-03-29 12:20:43', '2020-03-29 12:20:43'),
(900, 'بندرانزلي', 1, '2020-03-29 12:20:43', '2020-03-29 12:20:43'),
(901, 'پره سر', 1, '2020-03-29 12:20:43', '2020-03-29 12:20:43'),
(902, 'تونكابن', 1, '2020-03-29 12:20:43', '2020-03-29 12:20:43'),
(903, 'جيرنده', 1, '2020-03-29 12:20:43', '2020-03-29 12:20:43'),
(904, 'چابكسر', 1, '2020-03-29 12:20:43', '2020-03-29 12:20:43'),
(905, 'چاف وچمخاله', 1, '2020-03-29 12:20:43', '2020-03-29 12:20:43'),
(906, 'چوبر', 1, '2020-03-29 12:20:43', '2020-03-29 12:20:43'),
(907, 'حويق', 1, '2020-03-29 12:20:43', '2020-03-29 12:20:43'),
(908, 'خشكبيجار', 1, '2020-03-29 12:20:43', '2020-03-29 12:20:43'),
(909, 'خمام', 1, '2020-03-29 12:20:43', '2020-03-29 12:20:43'),
(910, 'ديلمان', 1, '2020-03-29 12:20:43', '2020-03-29 12:20:43'),
(911, 'رانكوه', 1, '2020-03-29 12:20:43', '2020-03-29 12:20:43'),
(912, 'رحيم آباد', 1, '2020-03-29 12:20:43', '2020-03-29 12:20:43'),
(913, 'رستم آباد', 1, '2020-03-29 12:20:43', '2020-03-29 12:20:43'),
(914, 'رشت', 1, '2020-03-29 12:20:43', '2020-03-29 12:20:43'),
(915, 'رضوانشهر', 1, '2020-03-29 12:20:43', '2020-03-29 12:20:43'),
(916, 'رودبار', 1, '2020-03-29 12:20:43', '2020-03-29 12:20:43'),
(917, 'رودبنه', 1, '2020-03-29 12:20:43', '2020-03-29 12:20:43'),
(918, 'رودسر', 1, '2020-03-29 12:20:43', '2020-03-29 12:20:43'),
(919, 'سنگر', 1, '2020-03-29 12:20:43', '2020-03-29 12:20:43'),
(920, 'سياهكل', 1, '2020-03-29 12:20:43', '2020-03-29 12:20:43'),
(921, 'شفت', 1, '2020-03-29 12:20:43', '2020-03-29 12:20:43'),
(922, 'شلمان', 1, '2020-03-29 12:20:43', '2020-03-29 12:20:43'),
(923, 'صومعه سرا', 1, '2020-03-29 12:20:43', '2020-03-29 12:20:43'),
(924, 'فومن', 1, '2020-03-29 12:20:43', '2020-03-29 12:20:43'),
(925, 'كلاچاي', 1, '2020-03-29 12:20:43', '2020-03-29 12:20:43'),
(926, 'كوچصفهان', 1, '2020-03-29 12:20:43', '2020-03-29 12:20:43'),
(927, 'كومله', 1, '2020-03-29 12:20:43', '2020-03-29 12:20:43'),
(928, 'كياشهر', 1, '2020-03-29 12:20:43', '2020-03-29 12:20:43'),
(929, 'گوراب زرميخ', 1, '2020-03-29 12:20:43', '2020-03-29 12:20:43'),
(930, 'لاهيجان', 1, '2020-03-29 12:20:43', '2020-03-29 12:20:43'),
(931, 'لشت نشاء', 1, '2020-03-29 12:20:43', '2020-03-29 12:20:43'),
(932, 'لنگرود', 1, '2020-03-29 12:20:43', '2020-03-29 12:20:43'),
(933, 'لوشان', 1, '2020-03-29 12:20:43', '2020-03-29 12:20:43'),
(934, 'لولمان', 1, '2020-03-29 12:20:43', '2020-03-29 12:20:43'),
(935, 'لوندويل', 1, '2020-03-29 12:20:43', '2020-03-29 12:20:43'),
(936, 'ليسار', 1, '2020-03-29 12:20:43', '2020-03-29 12:20:43'),
(937, 'ماسال', 1, '2020-03-29 12:20:43', '2020-03-29 12:20:43'),
(938, 'ماسوله', 1, '2020-03-29 12:20:43', '2020-03-29 12:20:43'),
(939, 'مرجقل', 1, '2020-03-29 12:20:43', '2020-03-29 12:20:43'),
(940, 'منجيل', 1, '2020-03-29 12:20:43', '2020-03-29 12:20:43'),
(941, 'واجارگاه', 1, '2020-03-29 12:20:43', '2020-03-29 12:20:43'),
(942, 'هشتپر', 1, '2020-03-29 12:20:43', '2020-03-29 12:20:43'),
(943, 'ازنا', 26, '2020-03-29 12:22:16', '2020-03-29 12:22:16'),
(944, 'اشترينان', 26, '2020-03-29 12:22:16', '2020-03-29 12:22:16'),
(945, 'الشتر', 26, '2020-03-29 12:22:16', '2020-03-29 12:22:16'),
(946, 'اليگودرز', 26, '2020-03-29 12:22:16', '2020-03-29 12:22:16'),
(947, 'بروجرد', 26, '2020-03-29 12:22:16', '2020-03-29 12:22:16'),
(948, 'پلدختر', 26, '2020-03-29 12:22:16', '2020-03-29 12:22:16'),
(949, 'چالانچولان', 26, '2020-03-29 12:22:16', '2020-03-29 12:22:16'),
(950, 'چغلوندي', 26, '2020-03-29 12:22:16', '2020-03-29 12:22:16'),
(951, 'چقابل', 26, '2020-03-29 12:22:16', '2020-03-29 12:22:16'),
(952, 'خرم آباد', 26, '2020-03-29 12:22:16', '2020-03-29 12:22:16'),
(953, 'درب گنبد', 26, '2020-03-29 12:22:16', '2020-03-29 12:22:16'),
(954, 'دورود', 26, '2020-03-29 12:22:16', '2020-03-29 12:22:16'),
(955, 'زاغه', 26, '2020-03-29 12:22:16', '2020-03-29 12:22:16'),
(956, 'سپيددشت', 26, '2020-03-29 12:22:16', '2020-03-29 12:22:16'),
(957, 'سراب دوره', 26, '2020-03-29 12:22:16', '2020-03-29 12:22:16'),
(958, 'شول آباد', 26, '2020-03-29 12:22:16', '2020-03-29 12:22:16'),
(959, 'فيروز آباد', 26, '2020-03-29 12:22:16', '2020-03-29 12:22:16'),
(960, 'كوناني', 26, '2020-03-29 12:22:16', '2020-03-29 12:22:16'),
(961, 'كوهدشت', 26, '2020-03-29 12:22:16', '2020-03-29 12:22:16'),
(962, 'گراب', 26, '2020-03-29 12:22:16', '2020-03-29 12:22:16'),
(963, 'معمولان', 26, '2020-03-29 12:22:16', '2020-03-29 12:22:16'),
(964, 'مؤمن آباد', 26, '2020-03-29 12:22:16', '2020-03-29 12:22:16'),
(965, 'نور آباد', 26, '2020-03-29 12:22:16', '2020-03-29 12:22:16'),
(966, 'ويسيان', 26, '2020-03-29 12:22:16', '2020-03-29 12:22:16'),
(967, 'هفت چشمه', 26, '2020-03-29 12:22:16', '2020-03-29 12:22:16'),
(968, 'اميركلا', 27, '2020-03-29 12:24:08', '2020-03-29 12:24:08'),
(969, 'ايزدشهر', 27, '2020-03-29 12:24:08', '2020-03-29 12:24:08'),
(970, 'آلاشت', 27, '2020-03-29 12:24:08', '2020-03-29 12:24:08'),
(971, 'آمل', 27, '2020-03-29 12:24:08', '2020-03-29 12:24:08'),
(972, 'بابل', 27, '2020-03-29 12:24:08', '2020-03-29 12:24:08'),
(973, 'بابلسر', 27, '2020-03-29 12:24:08', '2020-03-29 12:24:08'),
(974, 'بلده', 27, '2020-03-29 12:24:08', '2020-03-29 12:24:08'),
(975, 'بهشهر', 27, '2020-03-29 12:24:08', '2020-03-29 12:24:08'),
(976, 'بهنمير', 27, '2020-03-29 12:24:08', '2020-03-29 12:24:08'),
(977, 'پل سفيد', 27, '2020-03-29 12:24:08', '2020-03-29 12:24:08'),
(978, 'پول', 27, '2020-03-29 12:24:08', '2020-03-29 12:24:08'),
(979, 'تنكابن', 27, '2020-03-29 12:24:08', '2020-03-29 12:24:08'),
(980, 'جويبار', 27, '2020-03-29 12:24:08', '2020-03-29 12:24:08'),
(981, 'چالوس', 27, '2020-03-29 12:24:08', '2020-03-29 12:24:08'),
(982, 'چمستان', 27, '2020-03-29 12:24:08', '2020-03-29 12:24:08'),
(983, 'خرم آباد', 27, '2020-03-29 12:24:08', '2020-03-29 12:24:08'),
(984, 'خليل شهر', 27, '2020-03-29 12:24:08', '2020-03-29 12:24:08'),
(985, 'خوش رودپي', 27, '2020-03-29 12:24:08', '2020-03-29 12:24:08'),
(986, 'دابودشت', 27, '2020-03-29 12:24:08', '2020-03-29 12:24:08'),
(987, 'رامسر', 27, '2020-03-29 12:24:08', '2020-03-29 12:24:08'),
(988, 'رستمكلا', 27, '2020-03-29 12:24:08', '2020-03-29 12:24:08'),
(989, 'رويان', 27, '2020-03-29 12:24:08', '2020-03-29 12:24:08'),
(990, 'رينه', 27, '2020-03-29 12:24:08', '2020-03-29 12:24:08'),
(991, 'زرگر محله', 27, '2020-03-29 12:24:08', '2020-03-29 12:24:08'),
(992, 'زيرآب', 27, '2020-03-29 12:24:08', '2020-03-29 12:24:08'),
(993, 'ساري', 27, '2020-03-29 12:24:08', '2020-03-29 12:24:08'),
(994, 'سرخرود', 27, '2020-03-29 12:24:08', '2020-03-29 12:24:08'),
(995, 'سلمان شهر', 27, '2020-03-29 12:24:08', '2020-03-29 12:24:08'),
(996, 'سورک', 27, '2020-03-29 12:24:08', '2020-03-29 12:24:08'),
(997, 'شيرگاه', 27, '2020-03-29 12:24:08', '2020-03-29 12:24:08'),
(998, 'شيرود', 27, '2020-03-29 12:24:08', '2020-03-29 12:24:08'),
(999, 'عباس آباد', 27, '2020-03-29 12:24:08', '2020-03-29 12:24:08'),
(1000, 'فريدونكنار', 27, '2020-03-29 12:24:08', '2020-03-29 12:24:08'),
(1001, 'فريم', 27, '2020-03-29 12:24:08', '2020-03-29 12:24:08'),
(1002, 'قائم شهر', 27, '2020-03-29 12:24:08', '2020-03-29 12:24:08'),
(1003, 'كتالم وسادات شهر', 27, '2020-03-29 12:24:08', '2020-03-29 12:24:08'),
(1004, 'كلارآباد', 27, '2020-03-29 12:24:08', '2020-03-29 12:24:08'),
(1005, 'كلاردشت', 27, '2020-03-29 12:24:08', '2020-03-29 12:24:08'),
(1006, 'كله بست', 27, '2020-03-29 12:24:08', '2020-03-29 12:24:08'),
(1007, 'كوهي خيل', 27, '2020-03-29 12:24:08', '2020-03-29 12:24:08'),
(1008, 'كياسر', 27, '2020-03-29 12:24:08', '2020-03-29 12:24:08'),
(1009, 'كياكلا', 27, '2020-03-29 12:24:08', '2020-03-29 12:24:08'),
(1010, 'گتاب', 27, '2020-03-29 12:24:08', '2020-03-29 12:24:08'),
(1011, 'گزنک', 27, '2020-03-29 12:24:08', '2020-03-29 12:24:08'),
(1012, 'گلوگاه', 27, '2020-03-29 12:24:08', '2020-03-29 12:24:08'),
(1013, 'محمود آباد', 27, '2020-03-29 12:24:08', '2020-03-29 12:24:08'),
(1014, 'مرزن آباد', 27, '2020-03-29 12:24:08', '2020-03-29 12:24:08'),
(1015, 'مرزيكلا', 27, '2020-03-29 12:24:08', '2020-03-29 12:24:08'),
(1016, 'نشتارود', 27, '2020-03-29 12:24:08', '2020-03-29 12:24:08'),
(1017, 'نكا', 27, '2020-03-29 12:24:08', '2020-03-29 12:24:08'),
(1018, 'نور', 27, '2020-03-29 12:24:08', '2020-03-29 12:24:08'),
(1019, 'نوشهر', 27, '2020-03-29 12:24:08', '2020-03-29 12:24:08'),
(1020, 'اراک', 28, '2020-03-29 12:25:15', '2020-03-29 12:25:15'),
(1021, 'آستانه', 28, '2020-03-29 12:25:15', '2020-03-29 12:25:15'),
(1022, 'آشتيان', 28, '2020-03-29 12:25:15', '2020-03-29 12:25:15'),
(1023, 'پرندک', 28, '2020-03-29 12:25:15', '2020-03-29 12:25:15'),
(1024, 'تفرش', 28, '2020-03-29 12:25:15', '2020-03-29 12:25:15'),
(1025, 'توره', 28, '2020-03-29 12:25:15', '2020-03-29 12:25:15'),
(1026, 'جاورسيان', 28, '2020-03-29 12:25:15', '2020-03-29 12:25:15'),
(1027, 'خشكرود', 28, '2020-03-29 12:25:15', '2020-03-29 12:25:15'),
(1028, 'خمين', 28, '2020-03-29 12:25:15', '2020-03-29 12:25:15'),
(1029, 'خنداب', 28, '2020-03-29 12:25:15', '2020-03-29 12:25:15'),
(1030, 'داودآباد', 28, '2020-03-29 12:25:15', '2020-03-29 12:25:15'),
(1031, 'دليجان', 28, '2020-03-29 12:25:15', '2020-03-29 12:25:15'),
(1032, 'رازقان', 28, '2020-03-29 12:25:15', '2020-03-29 12:25:15'),
(1033, 'زاويه', 28, '2020-03-29 12:25:15', '2020-03-29 12:25:15'),
(1034, 'ساروق', 28, '2020-03-29 12:25:15', '2020-03-29 12:25:15'),
(1035, 'ساوه', 28, '2020-03-29 12:25:15', '2020-03-29 12:25:15'),
(1036, 'سنجان', 28, '2020-03-29 12:25:15', '2020-03-29 12:25:15'),
(1037, 'شازند', 28, '2020-03-29 12:25:15', '2020-03-29 12:25:15'),
(1038, 'شهرجديدمهاجران', 28, '2020-03-29 12:25:15', '2020-03-29 12:25:15'),
(1039, 'غرق آباد', 28, '2020-03-29 12:25:15', '2020-03-29 12:25:15'),
(1040, 'فرمهين', 28, '2020-03-29 12:25:15', '2020-03-29 12:25:15'),
(1041, 'قورچي باشي', 28, '2020-03-29 12:25:15', '2020-03-29 12:25:15'),
(1042, 'كرهرود', 28, '2020-03-29 12:25:15', '2020-03-29 12:25:15'),
(1043, 'كميجان', 28, '2020-03-29 12:25:15', '2020-03-29 12:25:15'),
(1044, 'مأمونيه', 28, '2020-03-29 12:25:15', '2020-03-29 12:25:15'),
(1045, 'محلات', 28, '2020-03-29 12:25:15', '2020-03-29 12:25:15'),
(1046, 'ميلاجرد', 28, '2020-03-29 12:25:15', '2020-03-29 12:25:15'),
(1047, 'نراق', 28, '2020-03-29 12:25:15', '2020-03-29 12:25:15'),
(1048, 'نوبران', 28, '2020-03-29 12:25:15', '2020-03-29 12:25:15'),
(1049, 'نيمور', 28, '2020-03-29 12:25:15', '2020-03-29 12:25:15'),
(1050, 'هندودر', 28, '2020-03-29 12:25:15', '2020-03-29 12:25:15'),
(1051, 'ابوموسي', 29, '2020-03-29 12:26:45', '2020-03-29 12:26:45'),
(1052, 'بستک', 29, '2020-03-29 12:26:45', '2020-03-29 12:26:45'),
(1053, 'بندرجاسک', 29, '2020-03-29 12:26:45', '2020-03-29 12:26:45'),
(1054, 'بندرچارک', 29, '2020-03-29 12:26:45', '2020-03-29 12:26:45'),
(1055, 'بندرعباس', 29, '2020-03-29 12:26:45', '2020-03-29 12:26:45'),
(1056, 'بندرلنگه', 29, '2020-03-29 12:26:45', '2020-03-29 12:26:45'),
(1057, 'بيكاه', 29, '2020-03-29 12:26:45', '2020-03-29 12:26:45'),
(1058, 'پارسيان', 29, '2020-03-29 12:26:45', '2020-03-29 12:26:45'),
(1059, 'تخت', 29, '2020-03-29 12:26:45', '2020-03-29 12:26:45'),
(1060, 'جناح', 29, '2020-03-29 12:26:45', '2020-03-29 12:26:45'),
(1061, 'حاجي آباد', 29, '2020-03-29 12:26:45', '2020-03-29 12:26:45'),
(1062, 'خمير', 29, '2020-03-29 12:26:45', '2020-03-29 12:26:45'),
(1063, 'درگهان', 29, '2020-03-29 12:26:45', '2020-03-29 12:26:45'),
(1064, 'دهبارز', 29, '2020-03-29 12:26:45', '2020-03-29 12:26:45'),
(1065, 'رويدر', 29, '2020-03-29 12:26:45', '2020-03-29 12:26:45'),
(1066, 'زيارتعلي', 29, '2020-03-29 12:26:45', '2020-03-29 12:26:45'),
(1067, 'سردشت شاگرد', 29, '2020-03-29 12:26:45', '2020-03-29 12:26:45'),
(1068, 'سرگز', 29, '2020-03-29 12:26:45', '2020-03-29 12:26:45'),
(1069, 'سندرک', 29, '2020-03-29 12:26:45', '2020-03-29 12:26:45'),
(1070, 'سوزا', 29, '2020-03-29 12:26:45', '2020-03-29 12:26:45'),
(1071, 'سيريک', 29, '2020-03-29 12:26:45', '2020-03-29 12:26:45'),
(1072, 'فارغان', 29, '2020-03-29 12:26:45', '2020-03-29 12:26:45'),
(1073, 'فين', 29, '2020-03-29 12:26:45', '2020-03-29 12:26:45'),
(1074, 'قشم', 29, '2020-03-29 12:26:45', '2020-03-29 12:26:45'),
(1075, 'قلعه قاضي', 29, '2020-03-29 12:26:45', '2020-03-29 12:26:45'),
(1076, 'كنگ', 29, '2020-03-29 12:26:45', '2020-03-29 12:26:45'),
(1077, 'كوشكنار', 29, '2020-03-29 12:26:45', '2020-03-29 12:26:45'),
(1078, 'كيش', 29, '2020-03-29 12:26:45', '2020-03-29 12:26:45'),
(1079, 'گوهران', 29, '2020-03-29 12:26:45', '2020-03-29 12:26:45'),
(1080, 'ميناب', 29, '2020-03-29 12:26:45', '2020-03-29 12:26:45'),
(1081, 'هرمز', 29, '2020-03-29 12:26:45', '2020-03-29 12:26:45'),
(1082, 'هشتبندي', 29, '2020-03-29 12:26:45', '2020-03-29 12:26:45'),
(1083, 'ازندريان', 30, '2020-03-29 12:27:39', '2020-03-29 12:27:39'),
(1084, 'اسدآباد', 30, '2020-03-29 12:27:39', '2020-03-29 12:27:39'),
(1085, 'برزول', 30, '2020-03-29 12:27:39', '2020-03-29 12:27:39'),
(1086, 'بهار', 30, '2020-03-29 12:27:39', '2020-03-29 12:27:39'),
(1087, 'تويسركان', 30, '2020-03-29 12:27:39', '2020-03-29 12:27:39'),
(1088, 'جورقان', 30, '2020-03-29 12:27:39', '2020-03-29 12:27:39'),
(1089, 'جوكار', 30, '2020-03-29 12:27:39', '2020-03-29 12:27:39'),
(1090, 'دمق', 30, '2020-03-29 12:27:39', '2020-03-29 12:27:39'),
(1091, 'رزن', 30, '2020-03-29 12:27:39', '2020-03-29 12:27:39'),
(1092, 'زنگنه', 30, '2020-03-29 12:27:39', '2020-03-29 12:27:39'),
(1093, 'سامن', 30, '2020-03-29 12:27:40', '2020-03-29 12:27:40'),
(1094, 'سركان', 30, '2020-03-29 12:27:40', '2020-03-29 12:27:40'),
(1095, 'شيرين سو', 30, '2020-03-29 12:27:40', '2020-03-29 12:27:40'),
(1096, 'صالح آباد', 30, '2020-03-29 12:27:40', '2020-03-29 12:27:40'),
(1097, 'فامنين', 30, '2020-03-29 12:27:40', '2020-03-29 12:27:40'),
(1098, 'فرسفج', 30, '2020-03-29 12:27:40', '2020-03-29 12:27:40'),
(1099, 'فيروزان', 30, '2020-03-29 12:27:40', '2020-03-29 12:27:40'),
(1100, 'قروه در جزين', 30, '2020-03-29 12:27:40', '2020-03-29 12:27:40'),
(1101, 'قهاوند', 30, '2020-03-29 12:27:40', '2020-03-29 12:27:40'),
(1102, 'كبودرآهنگ', 30, '2020-03-29 12:27:40', '2020-03-29 12:27:40'),
(1103, 'گل تپه', 30, '2020-03-29 12:27:40', '2020-03-29 12:27:40'),
(1104, 'گيان', 30, '2020-03-29 12:27:40', '2020-03-29 12:27:40'),
(1105, 'لالجين', 30, '2020-03-29 12:27:40', '2020-03-29 12:27:40'),
(1106, 'مريانج', 30, '2020-03-29 12:27:40', '2020-03-29 12:27:40'),
(1107, 'ملاير', 30, '2020-03-29 12:27:40', '2020-03-29 12:27:40'),
(1108, 'نهاوند', 30, '2020-03-29 12:27:40', '2020-03-29 12:27:40'),
(1109, 'همدان', 30, '2020-03-29 12:27:40', '2020-03-29 12:27:40'),
(1110, 'ابركوه', 31, '2020-03-29 12:30:57', '2020-03-29 12:30:57'),
(1111, 'احمدآباد', 31, '2020-03-29 12:30:57', '2020-03-29 12:30:57'),
(1112, 'اردكان', 31, '2020-03-29 12:30:57', '2020-03-29 12:30:57'),
(1113, 'اشكذر', 31, '2020-03-29 12:30:57', '2020-03-29 12:30:57'),
(1114, 'بافق', 31, '2020-03-29 12:30:57', '2020-03-29 12:30:57'),
(1115, 'بفروئيه', 31, '2020-03-29 12:30:57', '2020-03-29 12:30:57'),
(1116, 'بهاباد', 31, '2020-03-29 12:30:57', '2020-03-29 12:30:57'),
(1117, 'تفت', 31, '2020-03-29 12:30:57', '2020-03-29 12:30:57'),
(1118, 'حميديا', 31, '2020-03-29 12:30:57', '2020-03-29 12:30:57'),
(1119, 'خضرآباد', 31, '2020-03-29 12:30:57', '2020-03-29 12:30:57'),
(1120, 'ديهوک', 31, '2020-03-29 12:30:57', '2020-03-29 12:30:57'),
(1121, 'زارچ', 31, '2020-03-29 12:30:57', '2020-03-29 12:30:57'),
(1122, 'شاهديه', 31, '2020-03-29 12:30:57', '2020-03-29 12:30:57'),
(1123, 'طبس', 31, '2020-03-29 12:30:57', '2020-03-29 12:30:57'),
(1124, 'عشق آباد', 31, '2020-03-29 12:30:57', '2020-03-29 12:30:57'),
(1125, 'عقدا', 31, '2020-03-29 12:30:57', '2020-03-29 12:30:57'),
(1126, 'مروست', 31, '2020-03-29 12:30:57', '2020-03-29 12:30:57'),
(1127, 'مهردشت', 31, '2020-03-29 12:30:57', '2020-03-29 12:30:57'),
(1128, 'مهريز', 31, '2020-03-29 12:30:57', '2020-03-29 12:30:57'),
(1129, 'ميبد', 31, '2020-03-29 12:30:57', '2020-03-29 12:30:57'),
(1130, 'ندوشن', 31, '2020-03-29 12:30:57', '2020-03-29 12:30:57'),
(1131, 'نير', 31, '2020-03-29 12:30:57', '2020-03-29 12:30:57'),
(1132, 'هرات', 31, '2020-03-29 12:30:57', '2020-03-29 12:30:57'),
(1133, 'يزد', 31, '2020-03-29 12:30:57', '2020-03-29 12:30:57'),
(1134, 'احمدسرگوراب', 25, '2020-03-29 13:38:02', '2020-03-29 13:38:02'),
(1135, 'اسالم', 25, '2020-03-29 13:38:02', '2020-03-29 13:38:02'),
(1136, 'اطاقور', 25, '2020-03-29 13:38:02', '2020-03-29 13:38:02'),
(1137, 'املش', 25, '2020-03-29 13:38:02', '2020-03-29 13:38:02'),
(1138, 'آستارا', 25, '2020-03-29 13:38:02', '2020-03-29 13:38:02'),
(1139, 'آستانه اشرفيه', 25, '2020-03-29 13:38:02', '2020-03-29 13:38:02'),
(1140, 'بازارجمعه', 25, '2020-03-29 13:38:02', '2020-03-29 13:38:02'),
(1141, 'بره سر', 25, '2020-03-29 13:38:02', '2020-03-29 13:38:02'),
(1142, 'بندرانزلي', 25, '2020-03-29 13:38:02', '2020-03-29 13:38:02'),
(1143, 'پره سر', 25, '2020-03-29 13:38:02', '2020-03-29 13:38:02'),
(1144, 'تونكابن', 25, '2020-03-29 13:38:02', '2020-03-29 14:36:34'),
(1145, 'جيرنده', 25, '2020-03-29 13:38:02', '2020-03-29 13:38:02'),
(1146, 'چابكسر', 25, '2020-03-29 13:38:02', '2020-03-29 13:38:02'),
(1147, 'چاف وچمخاله', 25, '2020-03-29 13:38:02', '2020-03-29 13:38:02'),
(1148, 'چوبر', 25, '2020-03-29 13:38:02', '2020-03-29 13:38:02'),
(1149, 'حويق', 25, '2020-03-29 13:38:02', '2020-03-29 13:38:02'),
(1150, 'خشكبيجار', 25, '2020-03-29 13:38:02', '2020-03-29 13:38:02'),
(1151, 'خمام', 25, '2020-03-29 13:38:02', '2020-03-29 13:38:02'),
(1152, 'ديلمان', 25, '2020-03-29 13:38:02', '2020-03-29 13:38:02'),
(1153, 'رانكوه', 25, '2020-03-29 13:38:02', '2020-03-29 13:38:02'),
(1154, 'رحيم آباد', 25, '2020-03-29 13:38:02', '2020-03-29 13:38:02'),
(1155, 'رستم آباد', 25, '2020-03-29 13:38:02', '2020-03-29 13:38:02'),
(1156, 'رشت', 25, '2020-03-29 13:38:02', '2020-03-29 13:38:02'),
(1157, 'رضوانشهر', 25, '2020-03-29 13:38:02', '2020-03-29 13:38:02'),
(1158, 'رودبار', 25, '2020-03-29 13:38:02', '2020-03-29 13:38:02'),
(1159, 'رودبنه', 25, '2020-03-29 13:38:02', '2020-03-29 13:38:02'),
(1160, 'رودسر', 25, '2020-03-29 13:38:02', '2020-03-29 13:38:02'),
(1161, 'سنگر', 25, '2020-03-29 13:38:02', '2020-03-29 13:38:02'),
(1162, 'سياهكل', 25, '2020-03-29 13:38:02', '2020-03-29 13:38:02'),
(1163, 'شفت', 25, '2020-03-29 13:38:02', '2020-03-29 13:38:02'),
(1164, 'شلمان', 25, '2020-03-29 13:38:02', '2020-03-29 13:38:02'),
(1165, 'صومعه سرا', 25, '2020-03-29 13:38:02', '2020-03-29 13:38:02'),
(1166, 'فومن', 25, '2020-03-29 13:38:02', '2020-03-29 13:38:02'),
(1167, 'كلاچاي', 25, '2020-03-29 13:38:02', '2020-03-29 13:38:02'),
(1168, 'كوچصفهان', 25, '2020-03-29 13:38:02', '2020-03-29 13:38:02'),
(1169, 'كومله', 25, '2020-03-29 13:38:02', '2020-03-29 13:38:02'),
(1170, 'كياشهر', 25, '2020-03-29 13:38:02', '2020-03-29 13:38:02'),
(1171, 'گوراب زرميخ', 25, '2020-03-29 13:38:02', '2020-03-29 13:38:02'),
(1172, 'لاهيجان', 25, '2020-03-29 13:38:02', '2020-03-29 13:38:02'),
(1173, 'لشت نشاء', 25, '2020-03-29 13:38:02', '2020-03-29 13:38:02'),
(1174, 'لنگرود', 25, '2020-03-29 13:38:02', '2020-03-29 13:38:02'),
(1175, 'لوشان', 25, '2020-03-29 13:38:02', '2020-03-29 13:38:02'),
(1176, 'لولمان', 25, '2020-03-29 13:38:02', '2020-03-29 13:38:02'),
(1177, 'لوندويل', 25, '2020-03-29 13:38:02', '2020-03-29 13:38:02'),
(1178, 'ليسار', 25, '2020-03-29 13:38:02', '2020-03-29 13:38:02'),
(1179, 'ماسال', 25, '2020-03-29 13:38:02', '2020-03-29 13:38:02'),
(1180, 'ماسوله', 25, '2020-03-29 13:38:02', '2020-03-29 13:38:02'),
(1181, 'مرجقل', 25, '2020-03-29 13:38:02', '2020-03-29 13:38:02'),
(1182, 'منجيل', 25, '2020-03-29 13:38:02', '2020-03-29 13:38:02'),
(1183, 'واجارگاه', 25, '2020-03-29 13:38:02', '2020-03-29 13:38:02'),
(1184, 'هشتپر', 25, '2020-03-29 13:38:02', '2020-03-29 13:38:02');

-- --------------------------------------------------------

--
-- Table structure for table `comments`
--

CREATE TABLE `comments` (
  `id` bigint(20) UNSIGNED NOT NULL,
  `user_id` bigint(20) UNSIGNED NOT NULL,
  `product_id` bigint(20) UNSIGNED DEFAULT NULL,
  `article_id` bigint(20) UNSIGNED DEFAULT NULL,
  `news_id` bigint(20) UNSIGNED DEFAULT NULL,
  `reply_of` int(10) UNSIGNED NOT NULL DEFAULT 0,
  `approved` tinyint(1) NOT NULL DEFAULT 0,
  `text` text NOT NULL,
  `deleted_at` timestamp NULL DEFAULT NULL,
  `created_at` timestamp NULL DEFAULT NULL,
  `updated_at` timestamp NULL DEFAULT NULL
) ENGINE=InnoDB DEFAULT CHARSET=utf8mb4 COLLATE=utf8mb4_unicode_ci;

--
-- Dumping data for table `comments`
--

INSERT INTO `comments` (`id`, `user_id`, `product_id`, `article_id`, `news_id`, `reply_of`, `approved`, `text`, `deleted_at`, `created_at`, `updated_at`) VALUES
(2, 41, 17, NULL, NULL, 0, 1, 'tgtggtgt', '2024-02-07 20:39:47', '2024-01-31 18:44:13', '2024-02-07 20:39:47'),
(3, 41, NULL, NULL, 1, 0, 1, 'جالب بود', NULL, '2024-01-31 19:51:24', '2024-01-31 19:51:24'),
(6, 41, NULL, NULL, 1, 3, 1, 'gtgtgtgt', NULL, '2024-02-01 09:04:44', '2024-02-01 09:04:44'),
(7, 41, NULL, NULL, 1, 6, 1, 'hyhyhyh', NULL, '2024-02-01 09:04:49', '2024-02-01 09:04:49'),
(9, 41, 13, NULL, NULL, 0, 1, 'deded', NULL, '2024-02-01 09:17:33', '2024-02-01 09:17:33'),
(10, 41, 13, NULL, NULL, 9, 1, 'مخالفم', '2024-02-07 20:34:23', '2024-02-01 09:17:46', '2024-02-07 20:34:23'),
(11, 41, 13, NULL, NULL, 10, 1, 'بقبقق', '2024-02-07 20:34:17', '2024-02-01 09:17:56', '2024-02-07 20:34:17'),
(12, 41, 13, NULL, NULL, 0, 1, 'dededed', NULL, '2024-02-05 11:36:47', '2024-02-05 11:38:22');

-- --------------------------------------------------------

--
-- Table structure for table `contact_us`
--

CREATE TABLE `contact_us` (
  `id` bigint(20) UNSIGNED NOT NULL,
  `name` varchar(255) NOT NULL,
  `email` varchar(255) NOT NULL,
  `subject` varchar(255) NOT NULL,
  `text` text NOT NULL,
  `created_at` timestamp NULL DEFAULT NULL,
  `updated_at` timestamp NULL DEFAULT NULL
) ENGINE=InnoDB DEFAULT CHARSET=utf8mb4 COLLATE=utf8mb4_unicode_ci;

-- --------------------------------------------------------

--
-- Table structure for table `coupons`
--

CREATE TABLE `coupons` (
  `id` bigint(20) UNSIGNED NOT NULL,
  `name` varchar(255) NOT NULL,
  `code` varchar(255) NOT NULL,
  `type` enum('amount','percentage') NOT NULL,
  `amount` int(10) UNSIGNED DEFAULT NULL,
  `percentage` int(10) UNSIGNED DEFAULT NULL,
  `max_percentage_amount` int(10) UNSIGNED DEFAULT NULL,
  `expired_at` timestamp NOT NULL DEFAULT current_timestamp() ON UPDATE current_timestamp(),
  `description` text DEFAULT NULL,
  `created_at` timestamp NULL DEFAULT NULL,
  `updated_at` timestamp NULL DEFAULT NULL,
  `deleted_at` timestamp NULL DEFAULT NULL
) ENGINE=InnoDB DEFAULT CHARSET=utf8mb4 COLLATE=utf8mb4_unicode_ci;

--
-- Dumping data for table `coupons`
--

INSERT INTO `coupons` (`id`, `name`, `code`, `type`, `amount`, `percentage`, `max_percentage_amount`, `expired_at`, `description`, `created_at`, `updated_at`, `deleted_at`) VALUES
(2, 'عید نوروز', 'HappyNoruz', 'amount', 75000, NULL, NULL, '2026-02-02 22:26:00', '<p>عید شما مبارک</p>', '2024-02-08 22:27:25', '2024-02-08 22:27:25', NULL);

-- --------------------------------------------------------

--
-- Table structure for table `failed_jobs`
--

CREATE TABLE `failed_jobs` (
  `id` bigint(20) UNSIGNED NOT NULL,
  `uuid` varchar(255) NOT NULL,
  `connection` text NOT NULL,
  `queue` text NOT NULL,
  `payload` longtext NOT NULL,
  `exception` longtext NOT NULL,
  `failed_at` timestamp NOT NULL DEFAULT current_timestamp()
) ENGINE=InnoDB DEFAULT CHARSET=utf8mb4 COLLATE=utf8mb4_unicode_ci;

-- --------------------------------------------------------

--
-- Table structure for table `migrations`
--

CREATE TABLE `migrations` (
  `id` int(10) UNSIGNED NOT NULL,
  `migration` varchar(255) NOT NULL,
  `batch` int(11) NOT NULL
) ENGINE=InnoDB DEFAULT CHARSET=utf8mb4 COLLATE=utf8mb4_unicode_ci;

--
-- Dumping data for table `migrations`
--

INSERT INTO `migrations` (`id`, `migration`, `batch`) VALUES
(1, '2014_10_12_000000_create_users_table', 1),
(2, '2014_10_12_100000_create_password_reset_tokens_table', 1),
(3, '2019_08_19_000000_create_failed_jobs_table', 1),
(4, '2019_12_14_000001_create_personal_access_tokens_table', 1),
(5, '2023_07_09_032832_create_categories_table', 1),
(6, '2023_07_09_033027_create_brands_table', 1),
(7, '2023_07_09_033539_create_products_table', 1),
(8, '2023_07_09_034702_create_product_images_table', 1),
(9, '2023_07_09_035416_create_tags_table', 1),
(10, '2023_07_09_035505_create_product_tag_table', 1),
(11, '2023_07_09_035954_create_comments_table', 1),
(12, '2023_07_09_043913_create_product_rates_table', 1),
(13, '2023_07_09_044300_create_attributes_table', 1),
(14, '2023_07_09_044557_create_attribute_category_table', 1),
(15, '2023_07_09_045150_create_product_attributes_table', 1),
(16, '2023_07_09_045558_create_product_variations_table', 1),
(17, '2023_07_09_151554_create_provinces_table', 1),
(18, '2023_07_09_151748_create_cities_table', 1),
(19, '2023_07_09_152014_create_user_addresses_table', 1),
(20, '2023_07_09_152804_create_user_coupons_table', 1),
(21, '2023_07_09_153428_create_orders_table', 1),
(22, '2023_07_09_154440_create_order_items_table', 1),
(23, '2023_07_09_162812_create_transactions_table', 1),
(24, '2023_07_09_170534_create_wishlist_table', 1),
(25, '2023_07_09_170841_create_banners_table', 1),
(26, '2023_07_09_182636_create_contact_us_table', 1),
(27, '2023_07_09_200454_create_settings_table', 1),
(28, '2023_08_17_024823_create_articles_table', 2),
(29, '2023_08_17_025701_create_article_tag_table', 2),
(30, '2023_08_17_160139_create_news_table', 3),
(31, '2023_08_17_160250_create_news_tag_table', 3),
(32, '2023_07_09_033040_create_genres_table', 4),
(33, '2023_08_19_020307_create_comments_table', 5),
(34, '2023_08_19_021402_create_product_genre_table', 5),
(35, '2023_07_09_033075_create_platforms_table', 6),
(37, '2014_10_12_200000_add_two_factor_columns_to_users_table', 7),
(38, '2023_07_09_152804_create_coupons_table', 7),
(39, '2023_07_11_035954_create_comments_table', 8),
(40, '2024_07_09_153428_create_orders_table', 9),
(41, '2024_01_18_204206_create_permission_tables', 10),
(42, '2025_07_11_035954_create_comments_table', 11),
(43, '2026_07_11_035954_create_comments_table', 12),
(44, '2025_08_17_024823_create_articles_table', 13),
(45, '2025_08_17_025701_create_article_tag_table', 13),
(46, '2025_08_17_160139_create_news_table', 13),
(47, '2025_08_17_160250_create_news_tag_table', 13);

-- --------------------------------------------------------

--
-- Table structure for table `model_has_permissions`
--

CREATE TABLE `model_has_permissions` (
  `permission_id` bigint(20) UNSIGNED NOT NULL,
  `model_type` varchar(255) NOT NULL,
  `model_id` bigint(20) UNSIGNED NOT NULL
) ENGINE=InnoDB DEFAULT CHARSET=utf8mb4 COLLATE=utf8mb4_unicode_ci;

--
-- Dumping data for table `model_has_permissions`
--

INSERT INTO `model_has_permissions` (`permission_id`, `model_type`, `model_id`) VALUES
(11, 'App\\Models\\User', 41),
(15, 'App\\Models\\User', 41);

-- --------------------------------------------------------

--
-- Table structure for table `model_has_roles`
--

CREATE TABLE `model_has_roles` (
  `role_id` bigint(20) UNSIGNED NOT NULL,
  `model_type` varchar(255) NOT NULL,
  `model_id` bigint(20) UNSIGNED NOT NULL
) ENGINE=InnoDB DEFAULT CHARSET=utf8mb4 COLLATE=utf8mb4_unicode_ci;

--
-- Dumping data for table `model_has_roles`
--

INSERT INTO `model_has_roles` (`role_id`, `model_type`, `model_id`) VALUES
(8, 'App\\Models\\User', 41),
(8, 'App\\Models\\User', 58);

-- --------------------------------------------------------

--
-- Table structure for table `news`
--

CREATE TABLE `news` (
  `id` bigint(20) UNSIGNED NOT NULL,
  `title` varchar(255) NOT NULL,
  `slug` varchar(255) NOT NULL,
  `user_id` bigint(20) UNSIGNED NOT NULL,
  `primary_image` varchar(255) NOT NULL,
  `text` text NOT NULL,
  `status` int(11) NOT NULL DEFAULT 1,
  `is_active` tinyint(1) NOT NULL DEFAULT 1,
  `created_at` timestamp NULL DEFAULT NULL,
  `updated_at` timestamp NULL DEFAULT NULL
) ENGINE=InnoDB DEFAULT CHARSET=utf8mb4 COLLATE=utf8mb4_unicode_ci;

--
-- Dumping data for table `news`
--

INSERT INTO `news` (`id`, `title`, `slug`, `user_id`, `primary_image`, `text`, `status`, `is_active`, `created_at`, `updated_at`) VALUES
(1, 'نینتندو سوییچ ۲ احتمالا در ماه آینده رونمایی می‌شود', 'نینتندو-سوییچ-۲-احتمالا-در-ماه-آینده-رونمایی-می-شود', 41, '2024_2_9_14_40_8_369494_nintendo-switch-successor-1024x512-1.jpg', '<p>در چند سال گذشته شایعات بسیار زیادی از نینتندو سوییچ ۲ منتشر شده که شرکت Nintendo نسبت به همه ان‌ها بی‌تفاوت بوده، اما حالا به نظر می‌رسد که اماده رونمایی از کنسول نسل بعدی خود است‌.</p><p>نینتندو سوییچ تقریبا ۷ سال پیش به بازار عرضه شد و با وجود عملکرد عالی خود در بازار، سخت افزار ان دیگر قدیمی شده است. ما می‌دانیم که این شرکت روی کنسول جدیدی کار می‌کند که احتمالا سوییچ ۲ نام خواهد داشت و احتمالا در ماه اینده معرفی می‌شود. NateTheHate لیکر معتبری است که به رونمایی از نینتندو سوییچ ۲ در ماه مارچ خبر داده است.</p>', 1, 1, '2024-02-09 11:10:08', '2024-02-09 11:10:08');

-- --------------------------------------------------------

--
-- Table structure for table `news_tag`
--

CREATE TABLE `news_tag` (
  `tag_id` bigint(20) UNSIGNED NOT NULL,
  `news_id` bigint(20) UNSIGNED NOT NULL,
  `created_at` timestamp NULL DEFAULT NULL,
  `updated_at` timestamp NULL DEFAULT NULL
) ENGINE=InnoDB DEFAULT CHARSET=utf8mb4 COLLATE=utf8mb4_unicode_ci;

--
-- Dumping data for table `news_tag`
--

INSERT INTO `news_tag` (`tag_id`, `news_id`, `created_at`, `updated_at`) VALUES
(2, 1, NULL, NULL),
(3, 1, NULL, NULL),
(5, 1, NULL, NULL);

-- --------------------------------------------------------

--
-- Table structure for table `orders`
--

CREATE TABLE `orders` (
  `id` bigint(20) UNSIGNED NOT NULL,
  `user_id` bigint(20) UNSIGNED NOT NULL,
  `address_id` bigint(20) UNSIGNED NOT NULL,
  `coupon_id` bigint(20) UNSIGNED DEFAULT NULL,
  `status` tinyint(4) NOT NULL DEFAULT 0,
  `total_amount` int(10) UNSIGNED NOT NULL,
  `delivery_amount` int(10) UNSIGNED NOT NULL DEFAULT 0,
  `coupon_amount` int(10) UNSIGNED NOT NULL DEFAULT 0,
  `paying_amount` int(10) UNSIGNED NOT NULL,
  `payment_type` enum('pos','cash','shabaNumber','cardToCard','online') NOT NULL,
  `payment_status` tinyint(4) NOT NULL DEFAULT 0,
  `description` text DEFAULT NULL,
  `created_at` timestamp NULL DEFAULT NULL,
  `updated_at` timestamp NULL DEFAULT NULL
) ENGINE=InnoDB DEFAULT CHARSET=utf8mb4 COLLATE=utf8mb4_unicode_ci;

--
-- Dumping data for table `orders`
--

INSERT INTO `orders` (`id`, `user_id`, `address_id`, `coupon_id`, `status`, `total_amount`, `delivery_amount`, `coupon_amount`, `paying_amount`, `payment_type`, `payment_status`, `description`, `created_at`, `updated_at`) VALUES
(5, 41, 10, NULL, 1, 128000000, 120000, 0, 120120000, 'online', 1, NULL, '2023-11-27 20:53:58', '2023-12-30 20:45:36'),
(6, 41, 9, NULL, 1, 36550000, 150000, 0, 36700000, 'online', 1, NULL, '2023-11-27 20:53:58', '2023-11-27 20:54:24'),
(8, 41, 9, NULL, 0, 630000000, 120000, 0, 630120000, 'online', 0, NULL, '2023-11-28 11:59:38', '2023-11-28 11:59:38'),
(9, 41, 9, NULL, 1, 630000000, 120000, 0, 630120000, 'online', 1, NULL, '2023-11-28 12:00:08', '2023-11-28 12:00:11'),
(10, 41, 9, NULL, 1, 58850000, 620000, 0, 57470000, 'online', 1, NULL, '2023-11-30 06:39:51', '2023-11-30 06:39:54'),
(11, 41, 10, NULL, 1, 90000000, 370000, 0, 90370000, 'online', 1, NULL, '2023-11-30 09:56:01', '2023-11-30 09:56:15');

-- --------------------------------------------------------

--
-- Table structure for table `order_items`
--

CREATE TABLE `order_items` (
  `id` bigint(20) UNSIGNED NOT NULL,
  `order_id` bigint(20) UNSIGNED NOT NULL,
  `product_id` bigint(20) UNSIGNED NOT NULL,
  `product_variation_id` bigint(20) UNSIGNED NOT NULL,
  `price` int(10) UNSIGNED NOT NULL,
  `quantity` int(10) UNSIGNED NOT NULL,
  `subtotal` int(10) UNSIGNED NOT NULL,
  `created_at` timestamp NULL DEFAULT NULL,
  `updated_at` timestamp NULL DEFAULT NULL
) ENGINE=InnoDB DEFAULT CHARSET=utf8mb4 COLLATE=utf8mb4_unicode_ci;

--
-- Dumping data for table `order_items`
--

INSERT INTO `order_items` (`id`, `order_id`, `product_id`, `product_variation_id`, `price`, `quantity`, `subtotal`, `created_at`, `updated_at`) VALUES
(10, 5, 13, 35, 30000000, 4, 120000000, '2023-11-27 20:44:43', '2023-11-27 20:44:43'),
(11, 6, 15, 36, 850000, 43, 36550000, '2023-11-27 20:53:58', '2023-11-27 20:53:58'),
(13, 8, 13, 34, 30000000, 21, 630000000, '2023-11-28 11:59:38', '2023-11-28 11:59:38'),
(14, 9, 13, 34, 30000000, 21, 630000000, '2023-11-28 12:00:08', '2023-11-28 12:00:08'),
(15, 10, 13, 35, 30000000, 1, 30000000, '2023-11-30 06:39:51', '2023-11-30 06:39:51'),
(16, 10, 15, 36, 850000, 1, 850000, '2023-11-30 06:39:51', '2023-11-30 06:39:51'),
(17, 10, 15, 37, 1000000, 1, 1000000, '2023-11-30 06:39:51', '2023-11-30 06:39:51'),
(18, 10, 14, 30, 25000000, 1, 25000000, '2023-11-30 06:39:51', '2023-11-30 06:39:51'),
(19, 11, 13, 34, 30000000, 2, 60000000, '2023-11-30 09:56:01', '2023-11-30 09:56:01'),
(20, 11, 16, 38, 15000000, 2, 30000000, '2023-11-30 09:56:01', '2023-11-30 09:56:01');

-- --------------------------------------------------------

--
-- Table structure for table `password_reset_tokens`
--

CREATE TABLE `password_reset_tokens` (
  `email` varchar(255) NOT NULL,
  `token` varchar(255) NOT NULL,
  `created_at` timestamp NULL DEFAULT NULL
) ENGINE=InnoDB DEFAULT CHARSET=utf8mb4 COLLATE=utf8mb4_unicode_ci;

--
-- Dumping data for table `password_reset_tokens`
--

INSERT INTO `password_reset_tokens` (`email`, `token`, `created_at`) VALUES
('seyedalikhanimohammadreza@gmail.com', '$2y$10$Ez2Wcckedf9njUSkYoa3euuj/SorZadlBzTYxR1Cn/gRgoHPnaCaS', '2024-02-13 16:41:07');

-- --------------------------------------------------------

--
-- Table structure for table `permissions`
--

CREATE TABLE `permissions` (
  `id` bigint(20) UNSIGNED NOT NULL,
  `name` varchar(255) NOT NULL,
  `display_name` varchar(255) NOT NULL,
  `guard_name` varchar(255) NOT NULL,
  `created_at` timestamp NULL DEFAULT NULL,
  `updated_at` timestamp NULL DEFAULT NULL
) ENGINE=InnoDB DEFAULT CHARSET=utf8mb4 COLLATE=utf8mb4_unicode_ci;

--
-- Dumping data for table `permissions`
--

INSERT INTO `permissions` (`id`, `name`, `display_name`, `guard_name`, `created_at`, `updated_at`) VALUES
(10, 'manage-articles', 'مدیریت مقالات', 'web', '2024-01-24 20:13:38', '2024-01-24 20:13:38'),
(11, 'manage-products', 'مدیریت محصولات', 'web', '2024-01-24 20:14:08', '2024-01-24 20:14:08'),
(12, 'manage-news', 'مدیریت اخبار', 'web', '2024-01-24 20:14:31', '2024-02-07 20:27:42'),
(13, 'manage-orders', 'مدیریت سفارشات', 'web', '2024-02-05 21:18:34', '2024-02-05 21:18:34'),
(14, 'manage-comments', 'مدیریت نظرات', 'web', '2024-02-05 21:19:25', '2024-02-05 21:19:25'),
(15, 'manage-general', 'مدیریت عمومی', 'web', '2024-02-05 21:20:27', '2024-02-05 21:20:27'),
(16, 'manage-users', 'مدیریت کاربران', 'web', '2024-02-05 21:24:34', '2024-02-05 21:24:34');

-- --------------------------------------------------------

--
-- Table structure for table `personal_access_tokens`
--

CREATE TABLE `personal_access_tokens` (
  `id` bigint(20) UNSIGNED NOT NULL,
  `tokenable_type` varchar(255) NOT NULL,
  `tokenable_id` bigint(20) UNSIGNED NOT NULL,
  `name` varchar(255) NOT NULL,
  `token` varchar(64) NOT NULL,
  `abilities` text DEFAULT NULL,
  `last_used_at` timestamp NULL DEFAULT NULL,
  `expires_at` timestamp NULL DEFAULT NULL,
  `created_at` timestamp NULL DEFAULT NULL,
  `updated_at` timestamp NULL DEFAULT NULL
) ENGINE=InnoDB DEFAULT CHARSET=utf8mb4 COLLATE=utf8mb4_unicode_ci;

-- --------------------------------------------------------

--
-- Table structure for table `platforms`
--

CREATE TABLE `platforms` (
  `id` bigint(20) UNSIGNED NOT NULL,
  `name` varchar(255) NOT NULL,
  `slug` varchar(255) NOT NULL,
  `is_active` tinyint(1) NOT NULL DEFAULT 1,
  `image` varchar(255) CHARACTER SET utf8mb4 COLLATE utf8mb4_general_ci DEFAULT NULL,
  `created_at` timestamp NULL DEFAULT NULL,
  `updated_at` timestamp NULL DEFAULT NULL,
  `deleted_at` timestamp NULL DEFAULT NULL
) ENGINE=InnoDB DEFAULT CHARSET=utf8mb4 COLLATE=utf8mb4_unicode_ci;

--
-- Dumping data for table `platforms`
--

INSERT INTO `platforms` (`id`, `name`, `slug`, `is_active`, `image`, `created_at`, `updated_at`, `deleted_at`) VALUES
(0, 'بدون پلتفرم', 'بدون-پلتفرم', 1, '', '2023-08-28 22:07:19', '2023-08-28 22:07:19', NULL),
(2, 'پلی استیشن', 'پلی-استیشن', 1, '2023_8_29_12_19_55_167012_icon-gamepad.png', '2023-08-28 20:10:12', '2023-08-29 08:49:55', NULL),
(3, 'ایکس باکس', 'ایکس-باکس', 1, '2023_8_29_12_19_40_44325_icon-gamepad-2.png', '2023-08-28 20:10:24', '2023-08-29 08:49:40', NULL),
(4, 'نینتندو', 'نینتندو', 1, '2023_8_29_12_19_19_566444_icon-gamepad-nintendo.png', '2023-08-28 20:10:32', '2023-08-29 08:49:19', NULL),
(5, 'کامپیوتر', 'کامپیوتر', 1, '2023_8_29_12_55_1_242131_icon-mouse.png', '2023-08-28 20:10:43', '2023-08-29 09:30:39', NULL);

-- --------------------------------------------------------

--
-- Table structure for table `products`
--

CREATE TABLE `products` (
  `id` bigint(20) UNSIGNED NOT NULL,
  `name` varchar(255) NOT NULL,
  `brand_id` bigint(20) UNSIGNED NOT NULL,
  `category_id` bigint(20) UNSIGNED NOT NULL,
  `platform_id` bigint(20) UNSIGNED NOT NULL DEFAULT 0,
  `slug` varchar(255) NOT NULL,
  `primary_image` varchar(255) NOT NULL,
  `description` text NOT NULL,
  `status` int(11) NOT NULL DEFAULT 1,
  `is_active` tinyint(1) NOT NULL DEFAULT 1,
  `delivery_amount` int(10) UNSIGNED NOT NULL DEFAULT 0,
  `delivery_amount_per_product` int(10) UNSIGNED DEFAULT NULL,
  `created_at` timestamp NULL DEFAULT NULL,
  `updated_at` timestamp NULL DEFAULT NULL
) ENGINE=InnoDB DEFAULT CHARSET=utf8mb4 COLLATE=utf8mb4_unicode_ci;

--
-- Dumping data for table `products`
--

INSERT INTO `products` (`id`, `name`, `brand_id`, `category_id`, `platform_id`, `slug`, `primary_image`, `description`, `status`, `is_active`, `delivery_amount`, `delivery_amount_per_product`, `created_at`, `updated_at`) VALUES
(12, 'دسته بازی پلی استیشن 5', 1, 28, 2, 'دسته-بازی-پلی-استیشن-5', '2023_8_10_2_18_52_8526_ps5-white-controller.jpg', '<p>با قابلیت پاسخ‌دهی <strong>هپتیک </strong>و دو عملگر <strong>مکانیکی </strong>که جایگزین موتورهای لرزاننده شده‌اند، شما تمام اتفاقات درون بازی را در دستان خود احساس خواهید کرد. لرزش‌های پویای دوال سنس به شما این امکان را می‌دهند تا جزئیات فراوانی از عوامل محیطی تا سلاح درون دستان‌تان را کاملا احساس کنید.با دکمه‌های ماشه‌ای تطبیق‌پذیر دوال سنس، شما نیرو و تنش ناشی از لحظات پرهیجان بازی را در انگشتان خود حس خواهید کرد. این دکمه‌ها در مواردی چون استفاده از یک تیر و کمان یا ترمز گرفتن هنگام رانندگی، قدرت خود را نشان می‌دهند و شما را بیشتر از همیشه با بازی درگیر می‌کنند.دوال سنس دارای یک عدد میکروفون تعبیه شده است تا بدون نیاز به اتصال هدست بتوانید با دوستان خود در بازی صحبت کنید. مانند دوال شاک ۴، دوال سنس نیز دارای جک ۳.۵ میلی‌متری برای اتصال انواع هدفون و هدست است. روی این کنترلر دکمه‌ای نیز برای خاموش کردن میکروفون تعبیه شده است.</p>', 1, 1, 75000, 25000, '2023-08-09 22:48:52', '2023-08-28 22:13:16'),
(13, 'کنسول بازی سونی مدل Playstation 5', 1, 27, 2, 'کنسول-بازی-سونی-مدل-Playstation-5', '2023_8_12_19_11_19_244175_ps5-white.jpg', '<p>کنسول بازی سونی مدل Playstation ۵ ظرفیت ۸۲۵ گیگابایت یکی از محصولات بسیار حرفه‌ای و خواستنی در رده کنسول‌هلای بازی در دنیا است که توسط کمپانی سونی ارائه شده است. این کنسول با اعمال تغییراتی ظاهری و سخت‌افزاری طراحی شده است. درایو بازی این محصول همچنان Ultra HD Blu-ray, up to ۱۰۰GB/disc است و خروجی تصویر آن، از فرمت ۴K پشتیبانی می‌کند. پردازشگر اصلی و گرافیکی این مدل تغییر اساسی کرده و از سری ۴ قدرت بالاتری دارد. همچنین پلی‌استیشن ۵ به‌واسطه پورت LAN یا اتصال بی‌سیم Wi-Fi به اینترنت متصل می‌شود و امکانات متعددی را برای کاربران فراهم می‌کند که بتوانند با عضویت در شبکه‌ی PSN و پرداخت هزینه، بازی‌های مورد نظر خود را خریداری و دانلود کنند یا اینکه به صورت آنلاین با دوستان خود بازی کنند. پورت‌ USB از نوع Type-C به آن اضافه شده است. دسته‌ها از طریق بلوتوث به کنسول متصل می‌شوند و برد مورد نیاز را پشتیبانی می‌کند. خروجی تصویر، پورت HDMI است و کیفیت ۴K را پشتیبانی می‌کند. این مدل از حافظه‌ی داخلی ۸۲۵GB بهره‌مند است.</p>', 1, 1, 120000, 50000, '2023-08-09 22:55:38', '2023-08-12 17:19:05'),
(14, 'ایکس باکس سریز ایکس', 27, 24, 3, 'ایکس-باکس-سریز-ایکس', '2023_8_12_20_47_34_668968_xbox-seriesx.jpg', '<p>کسانی که کمترین آشنایی را با دنیای بازی‌های ویدیویی دارند قطعا کنسول XBOX را حتی تا حد کمی می‌شناسند. این کنسول بازی دارای محبوبیت و طرفدار بسیار زیادی است و شرکت مایکروسافت آن را بع بازار داده است و پشتیبانی می‌کند. کنسول بازی مایکروسافت مدل XBOX SERIES X ظرفیت ۱ ترابایت جدیدترین و پرقدرت‌ترین و با کیفیت‌ترین کنسول ارائه شده این شرکت ابربزرگ است. ما اگر توجهی به سخت‌افزارسری ایکس کنیم متوجه می‌شویم که احتمالا از کنسول Sony Playstation ۵ هم قوی‌تر است. مایکروسافت قدرت بالای پردازشی ۱۲ ترافلاپسی و حافظه رم ۱۶gb GDDR۶ در این کنسول اجرای بازی‌ها را بسیار باکیفیت‌تر و سریع‌تر می کند و می‌توانید لذتی در رزولوشن ۴k با ۱۲۰fps را تجربه کنید که هر بازی‌کننده‌ای در انتظار آن است. خنک کننده این کنسول شرکت مایکروسافت مشابه نسل قبلی خود کار می‌کند و هوای گرم را توسط فن خنک‌کننده خود از بالای کنسول خارج می‌کنند و این امر به‌دلیل معماری سبک‌تر بودن هوای گرم نسبت به هوای سرد است که سرعت خنک کنندگی را بیش‌ازپیش می‌کند. سیستم صوتی این سیستم هم می‌تواند شما را تحت‌تاثیر گذارد و بیشتر در فضای بازی غرق شوید. SERIES X از سیستم‌های صوتی Dolby Digital ۵.۱ و Dolby TrueHD with Atmos استفاده می‌کند.</p>', 1, 1, 200000, NULL, '2023-08-12 17:17:34', '2023-08-28 22:10:29'),
(15, 'بازی فیفا 23 مخصوص PS5', 1, 29, 2, 'بازی-فیفا-23-مخصوص-PS5', '2023_8_20_17_9_48_728568_fifa_23.jpg', '<p>بازی فیفا ۲۵ سال است که زمینه‌ای برای معرفی سوپراستارهای جهانی است و تمام سبک‌های موسیقی را پوشش می‌دهد. بازی فیفا ۲۳ دارای ۱۰۰ آهنگ از ۳۴ کشور دنیا است و برای اولین بار هنرمندانی از کشورهای لیتوانی، مالزی، سیرالئون و مالت در بازی حضور دارند. بازی FIFA ۲۳ دارای آهنگ‌های جدید از خواننده‌های معروفی از جمله Bad Bunny از پورتوریکو، Yeah Yeah Yeahs از آمریکا، M.I.A از انگلستان و Phoenix از فرانسه است و برای اولین بار میزبان آهنگ‌هایی از دنیلا لالیتا از پرو، Haich Ber Na و SOFY از انگلستان و MILKBLOOD است. همچنین، بخش Volta که فوتبال خیابانی در بازی فیفا است، دارای ۵۲ آهنگ اختصاصی از هنرمندانی چون جک هارلو از آمریکا، دنزل کوری از بریتانیا،‌ Lous and the Yakuza از کنگو و آهنگ‌هایی از هنرمندان جدیدی همچون James BKS از فرانسه، Eunique از آلمان، Mony &amp; Visages از فرانسه و Bad Boy Timez از نیجریه است. علاوه بر آهنگ‌های فوق‌العاده هیجان انگیز، امسال هنرمندان مختلف لباس‌های اختصاصی برای بخش FIFA ۲۳ Ultimate Team طراحی کردند. هنرمندانی از جمله جک هارلو، Phoenix، Central Cee، Pheelz و The Labyrinth برای بخش FUT لباس‌های مختلفی طراحی کرده‌اند که در بازی قابل تهیه هستند و در آینده نیز لباس‌های جدیدتری از سایر هنرمندان به بازی اضافه خواهند شد.</p><p>&nbsp;</p>', 1, 1, 150000, NULL, '2023-08-20 13:39:48', '2023-08-28 22:10:17'),
(16, 'پلی استیشن 4 اسلیم | یک ترابایت', 1, 27, 2, 'پلی-استیشن-4-اسلیم-یک-ترابایت', '2023_9_4_2_33_28_868401_hdr-ps4-slim-750x750.jpg', '<p><i>فناوری به کار رفته در کنسول پلی‌ استیشن ۴ دقیقا همانند سخت افزار موجود در کامپیوترهای شخصی است. درواقع سونی سعی داشته تا با استفاده از طراحی مشابه سخت افزاری با رایانه‌های شخصی، ساخت و توسعه بازی‌های این کنسول را برای استودیوهای بازی‌سازی آسان‌تر کند. باید اعتراف کرد که سونی در طراحی سخت افزاری پلی استیشن ۴ نهایت دقت و ظرافت را به خرج داده است تا توان پردازشی آن در سطح بسیار بالایی قرار بگیرد. همان‌طور که گفتیم، کنسول پلی استیشن ۴ از APU ساخته شده به دست شرکت AMD استفاده می‌کند. درواقع این APU همان جایی است که جادوی پلی استیشن ۴ در آن رخ می‌دهد. پردازنده مرکزی (CPU) اولین بخشی است که در APU قرار دارد. این پردازنده شامل دو ماژول ۴ هسته‌ای جگوار می‌شود که با معماری‌های X-۸۶-۶۴ ساخته شده‌اند. قسمت بعدی در بخش APU کنسول، پردازنده مرکزی (GPU) آن است که با استفاده از ۱۸ واحد پردازشی، می‌تواند از نظر تئوری ۱.۸۴ ترافلاپ پردازش را انجام بدهد. از طرفی حافظه ۸ گیگابایتی دستگاه نیز که از نوع GDDR۵ است می‌تواند پهنای باندی برابر با ۱۷۶ گیگابایت بر ثانیه را ارائه کند. نباید فراموش کرد که این حجم از حافظه گرافیکی و حافظه رم در مقایسه با کنسول پلی استیشن ۳، می‌تواند بسیار بهینه‌تر باشد و سرعت پردازشی بیشتری را ارائه دهد. البته این همه چیزی نیست که در بخش APU قرار دارد. سونی از چیپ‌های ثانویه‌ای نیز استفاده می‌کند که وظایفی همچون آپلود، دانلود یا دیگر وظایف را انجام می‌دهند. در این بین نباید فراموش کرد که چیپ‌های شرکت سونی از فناوری رنگ HDR نیز پشتیبانی می‌کنند.&nbsp;</i></p>', 1, 1, 250000, 100000, '2023-09-03 23:03:29', '2023-09-07 11:07:04'),
(17, 'xbox 360', 27, 24, 3, 'xbox-360', '2024_1_18_16_19_11_66599_foz-anwtf3jt4bax.jpg', 'dwwwwwwwwwwwwwwwwwwwww', 1, 1, 50000, NULL, '2024-01-18 12:49:11', '2024-01-18 12:49:11');

-- --------------------------------------------------------

--
-- Table structure for table `product_attributes`
--

CREATE TABLE `product_attributes` (
  `id` bigint(20) UNSIGNED NOT NULL,
  `attribute_id` bigint(20) UNSIGNED NOT NULL,
  `product_id` bigint(20) UNSIGNED NOT NULL,
  `value` varchar(255) NOT NULL,
  `is_active` tinyint(1) NOT NULL DEFAULT 1,
  `created_at` timestamp NULL DEFAULT NULL,
  `updated_at` timestamp NULL DEFAULT NULL
) ENGINE=InnoDB DEFAULT CHARSET=utf8mb4 COLLATE=utf8mb4_unicode_ci;

--
-- Dumping data for table `product_attributes`
--

INSERT INTO `product_attributes` (`id`, `attribute_id`, `product_id`, `value`, `is_active`, `created_at`, `updated_at`) VALUES
(38, 3, 12, '250 گرم', 1, '2023-08-09 22:48:52', '2023-08-09 22:48:52'),
(39, 6, 12, 'تیتانیوم سبک', 1, '2023-08-09 22:48:52', '2023-08-09 22:48:52'),
(40, 7, 12, 'نهم', 1, '2023-08-09 22:48:52', '2023-08-09 22:48:52'),
(41, 10, 12, 'DUALSENSE CFI-ZCT1W', 1, '2023-08-09 22:48:52', '2023-08-09 22:48:52'),
(42, 11, 12, '2023', 1, '2023-08-09 22:48:52', '2023-08-09 22:48:52'),
(68, 10, 14, 'DUALWw', 1, '2023-08-12 18:04:15', '2023-08-12 18:04:15'),
(80, 3, 13, '250 گرم', 1, '2023-08-24 15:24:27', '2023-08-24 15:24:27'),
(81, 4, 13, 'سفید', 1, '2023-08-24 15:24:27', '2023-08-24 15:24:27'),
(82, 7, 13, 'نهم', 1, '2023-08-24 15:24:27', '2023-08-24 15:24:27'),
(83, 8, 13, '825 گیگابایت', 1, '2023-08-24 15:24:27', '2023-08-24 15:24:27'),
(84, 10, 13, 'DUALSENSE CFI-ZCT1WAG', 1, '2023-08-24 15:24:27', '2023-08-24 15:24:27'),
(85, 11, 13, '2023', 1, '2023-08-24 15:24:27', '2023-08-24 15:24:27'),
(86, 16, 15, '1', 1, '2023-08-27 16:14:33', '2023-08-27 16:14:33'),
(87, 17, 15, 'پلی استیشن', 1, '2023-08-27 16:14:33', '2023-08-27 16:14:33'),
(88, 18, 15, 'شبیه سازی,ورزشی', 1, '2023-08-27 16:14:33', '2023-08-27 16:14:33'),
(89, 19, 15, '+3', 1, '2023-08-27 16:14:33', '2023-08-27 16:14:33'),
(90, 20, 15, 'BluRay', 1, '2023-08-27 16:14:33', '2023-08-27 16:14:33'),
(91, 3, 16, '1 کیلوگرم', 1, '2023-09-03 23:03:29', '2024-01-27 18:14:12'),
(92, 4, 16, 'مشکی', 1, '2023-09-03 23:03:29', '2023-09-03 23:03:29'),
(93, 7, 16, 'هشتم', 1, '2023-09-03 23:03:29', '2023-09-03 23:03:29'),
(94, 8, 16, 'یک ترابایت', 1, '2023-09-03 23:03:29', '2023-09-03 23:03:29'),
(95, 10, 16, 'پلی استیشن 4 اسلیم', 1, '2023-09-03 23:03:29', '2023-09-03 23:03:29'),
(96, 11, 16, '2017', 1, '2023-09-03 23:03:29', '2023-09-03 23:03:29'),
(97, 10, 17, 'ddwos', 1, '2024-01-18 12:49:11', '2024-01-18 12:49:11');

-- --------------------------------------------------------

--
-- Table structure for table `product_images`
--

CREATE TABLE `product_images` (
  `id` bigint(20) UNSIGNED NOT NULL,
  `product_id` bigint(20) UNSIGNED NOT NULL,
  `image` varchar(255) NOT NULL,
  `created_at` timestamp NULL DEFAULT NULL,
  `updated_at` timestamp NULL DEFAULT NULL
) ENGINE=InnoDB DEFAULT CHARSET=utf8mb4 COLLATE=utf8mb4_unicode_ci;

--
-- Dumping data for table `product_images`
--

INSERT INTO `product_images` (`id`, `product_id`, `image`, `created_at`, `updated_at`) VALUES
(31, 12, '2023_8_10_2_18_52_10410_ps5-dark-controller.jpg', '2023-08-09 22:48:52', '2023-08-09 22:48:52'),
(32, 12, '2023_8_10_2_18_52_367310_ps5-white-controller.jpg', '2023-08-09 22:48:52', '2023-08-09 22:48:52'),
(51, 13, '2023_8_12_19_11_19_249090_ps5-white (2).jpg', '2023-08-12 15:41:19', '2023-08-12 15:41:19'),
(52, 13, '2023_8_12_19_11_19_252673_ps5-white.jpg', '2023-08-12 15:41:19', '2023-08-12 15:41:19'),
(53, 14, '2023_8_12_20_47_34_674876_xbox-seriesx2.jpg', '2023-08-12 17:17:34', '2023-08-12 17:17:34'),
(55, 14, '2023_8_12_20_47_34_714962_xbox-seriesx4.jpg', '2023-08-12 17:17:34', '2023-08-12 17:17:34'),
(57, 14, '2023_8_14_23_52_6_845468_xbox-seriesx3.jpg', '2023-08-14 20:22:06', '2023-08-14 20:22:06'),
(58, 15, '2023_8_20_17_9_48_734154_fifa_23_2.jpg', '2023-08-20 13:39:48', '2023-08-20 13:39:48'),
(59, 15, '2023_8_20_17_9_48_766131_fifa_23_3.jpg', '2023-08-20 13:39:48', '2023-08-20 13:39:48'),
(60, 12, '2023_8_21_0_53_42_462147_red-ps5-controller.jpg', '2023-08-20 21:23:42', '2023-08-20 21:23:42'),
(61, 12, '2023_8_21_0_53_42_469961_red-ps5-controller2.jpg', '2023-08-20 21:23:42', '2023-08-20 21:23:42'),
(62, 16, '2023_9_4_2_33_28_932087_slim-150x150.jpg', '2023-09-03 23:03:29', '2023-09-03 23:03:29'),
(63, 16, '2023_9_4_2_33_28_937737_slim-box2216b-150x150.jpg', '2023-09-03 23:03:29', '2023-09-03 23:03:29'),
(64, 17, '2024_1_18_16_19_11_98393_8161wbbp0pl._ac_uf1000,1000_ql80_.jpg', '2024-01-18 12:49:11', '2024-01-18 12:49:11');

-- --------------------------------------------------------

--
-- Table structure for table `product_rates`
--

CREATE TABLE `product_rates` (
  `id` bigint(20) UNSIGNED NOT NULL,
  `user_id` bigint(20) UNSIGNED NOT NULL,
  `product_id` bigint(20) UNSIGNED NOT NULL,
  `rate` tinyint(4) NOT NULL,
  `created_at` timestamp NULL DEFAULT NULL,
  `updated_at` timestamp NULL DEFAULT NULL
) ENGINE=InnoDB DEFAULT CHARSET=utf8mb4 COLLATE=utf8mb4_unicode_ci;

--
-- Dumping data for table `product_rates`
--

INSERT INTO `product_rates` (`id`, `user_id`, `product_id`, `rate`, `created_at`, `updated_at`) VALUES
(1, 41, 13, 3, '2023-10-24 05:39:46', '2024-02-01 09:17:56'),
(2, 41, 17, 2, '2024-01-21 14:59:36', '2024-01-31 18:44:13');

-- --------------------------------------------------------

--
-- Table structure for table `product_tag`
--

CREATE TABLE `product_tag` (
  `tag_id` bigint(20) UNSIGNED NOT NULL,
  `product_id` bigint(20) UNSIGNED NOT NULL,
  `created_at` timestamp NULL DEFAULT NULL,
  `updated_at` timestamp NULL DEFAULT NULL
) ENGINE=InnoDB DEFAULT CHARSET=utf8mb4 COLLATE=utf8mb4_unicode_ci;

--
-- Dumping data for table `product_tag`
--

INSERT INTO `product_tag` (`tag_id`, `product_id`, `created_at`, `updated_at`) VALUES
(2, 12, NULL, NULL),
(2, 13, NULL, NULL),
(2, 14, NULL, NULL),
(2, 15, NULL, NULL),
(2, 16, NULL, NULL),
(2, 17, NULL, NULL),
(3, 12, NULL, NULL),
(3, 13, NULL, NULL),
(3, 14, NULL, NULL),
(3, 15, NULL, NULL),
(3, 16, NULL, NULL),
(3, 17, NULL, NULL),
(4, 14, NULL, NULL),
(4, 17, NULL, NULL),
(5, 12, NULL, NULL),
(5, 13, NULL, NULL),
(5, 15, NULL, NULL),
(5, 16, NULL, NULL),
(6, 12, NULL, NULL),
(6, 13, NULL, NULL),
(6, 14, NULL, NULL),
(6, 15, NULL, NULL);

-- --------------------------------------------------------

--
-- Table structure for table `product_variations`
--

CREATE TABLE `product_variations` (
  `id` bigint(20) UNSIGNED NOT NULL,
  `attribute_id` bigint(20) UNSIGNED NOT NULL,
  `product_id` bigint(20) UNSIGNED NOT NULL,
  `value` varchar(255) NOT NULL,
  `price` int(10) UNSIGNED NOT NULL DEFAULT 0,
  `quantity` int(10) UNSIGNED NOT NULL DEFAULT 0,
  `sku` varchar(255) DEFAULT NULL,
  `sale_price` int(10) UNSIGNED DEFAULT NULL,
  `date_on_sale_from` timestamp NULL DEFAULT NULL,
  `date_on_sale_to` timestamp NULL DEFAULT NULL,
  `created_at` timestamp NULL DEFAULT NULL,
  `updated_at` timestamp NULL DEFAULT NULL,
  `deleted_at` timestamp NULL DEFAULT NULL
) ENGINE=InnoDB DEFAULT CHARSET=utf8mb4 COLLATE=utf8mb4_unicode_ci;

--
-- Dumping data for table `product_variations`
--

INSERT INTO `product_variations` (`id`, `attribute_id`, `product_id`, `value`, `price`, `quantity`, `sku`, `sale_price`, `date_on_sale_from`, `date_on_sale_to`, `created_at`, `updated_at`, `deleted_at`) VALUES
(19, 4, 12, 'مشکی', 1750000, 15, '30078272', NULL, NULL, NULL, '2023-08-09 22:48:52', '2024-01-25 18:02:38', NULL),
(20, 4, 12, 'سفید', 1500000, 43, '30078279', NULL, NULL, NULL, '2023-08-09 22:48:52', '2024-01-25 18:02:38', NULL),
(22, 9, 13, 'دو دسته', 35000000, 21, '30090751', NULL, NULL, NULL, '2023-08-09 22:55:38', '2023-08-24 15:24:27', '2023-08-24 15:24:27'),
(29, 9, 14, 'دو دسته', 34000000, 455, '30090754', NULL, NULL, NULL, '2023-08-12 17:56:07', '2023-08-12 18:04:15', NULL),
(30, 9, 14, 'تک دسته', 25000000, 44, '30090401', NULL, NULL, NULL, '2023-08-12 18:04:15', '2023-11-30 06:39:54', NULL),
(31, 9, 15, 'تک دسته', 32000000, 45, '30090402', NULL, NULL, NULL, '2023-08-20 13:39:49', '2023-08-20 16:55:37', '2023-08-20 16:55:37'),
(32, 21, 15, 'PS4', 2500000, 23, '30078215', NULL, NULL, NULL, '2023-08-20 16:55:37', '2023-08-27 16:14:33', '2023-08-27 16:14:33'),
(33, 21, 15, 'PS5', 2850000, 4, '30078216', NULL, NULL, NULL, '2023-08-20 16:55:37', '2023-08-27 16:14:33', '2023-08-27 16:14:33'),
(34, 9, 13, 'تک دسته', 30000000, 0, '30078217', NULL, NULL, NULL, '2023-08-24 15:16:27', '2023-11-30 09:56:15', NULL),
(35, 9, 13, 'دو دسته', 32000000, 25, '30078218', 30000000, '2023-08-24 15:38:00', '2025-09-07 15:38:00', '2023-08-24 15:24:27', '2023-11-30 06:39:54', NULL),
(36, 21, 15, 'PS4', 850000, 1, '30011', NULL, NULL, NULL, '2023-08-27 16:14:33', '2023-11-30 06:39:54', NULL),
(37, 21, 15, 'PS5', 1000000, 22, '30012', NULL, NULL, NULL, '2023-08-27 16:14:33', '2023-11-30 06:39:54', NULL),
(38, 9, 16, 'تک دسته', 15000000, 43, '300933', NULL, NULL, NULL, '2023-09-03 23:03:29', '2023-11-30 09:56:15', NULL),
(39, 9, 16, 'دو دسته', 16750000, 78, '300933', NULL, NULL, NULL, '2023-09-03 23:03:29', '2023-09-06 15:21:32', NULL),
(40, 9, 17, 'تک دسته', 2500000, 12, '1234', NULL, NULL, NULL, '2024-01-18 12:49:11', '2024-01-18 12:49:11', NULL),
(41, 9, 17, 'دو دسته', 2750000, 4, '12376', NULL, NULL, NULL, '2024-01-18 12:49:11', '2024-01-18 12:49:11', NULL);

-- --------------------------------------------------------

--
-- Table structure for table `provinces`
--

CREATE TABLE `provinces` (
  `id` bigint(20) UNSIGNED NOT NULL,
  `name` varchar(255) NOT NULL,
  `created_at` timestamp NULL DEFAULT NULL,
  `updated_at` timestamp NULL DEFAULT NULL
) ENGINE=InnoDB DEFAULT CHARSET=utf8mb4 COLLATE=utf8mb4_unicode_ci;

--
-- Dumping data for table `provinces`
--

INSERT INTO `provinces` (`id`, `name`, `created_at`, `updated_at`) VALUES
(1, 'اردبيل', NULL, NULL),
(2, 'اصفهان', NULL, NULL),
(3, 'البرز', NULL, NULL),
(4, 'ايلام', NULL, NULL),
(5, 'آذربايجان شرقي', NULL, NULL),
(6, 'آذربايجان غربي', NULL, NULL),
(7, 'بوشهر', NULL, NULL),
(8, 'تهران', NULL, NULL),
(9, 'چهارمحال وبختياري', NULL, NULL),
(10, 'خراسان جنوبي', NULL, NULL),
(11, 'خراسان رضوي', NULL, NULL),
(12, 'خراسان شمالي', NULL, NULL),
(13, 'خوزستان', NULL, NULL),
(14, 'زنجان', NULL, NULL),
(15, 'سمنان', NULL, NULL),
(16, 'سيستان وبلوچستان', NULL, NULL),
(17, 'فارس', NULL, NULL),
(18, 'قزوين', NULL, NULL),
(19, 'قم', NULL, NULL),
(20, 'كردستان', NULL, NULL),
(21, 'كرمان', NULL, NULL),
(22, 'كرمانشاه', NULL, NULL),
(23, 'كهگيلويه وبويراحمد', NULL, NULL),
(24, 'گلستان', NULL, NULL),
(25, 'گيلان', NULL, NULL),
(26, 'لرستان', NULL, NULL),
(27, 'مازندران', NULL, NULL),
(28, 'مركزي', NULL, NULL),
(29, 'هرمزگان', NULL, NULL),
(30, 'همدان', NULL, NULL),
(31, 'يزد', NULL, NULL);

-- --------------------------------------------------------

--
-- Table structure for table `roles`
--

CREATE TABLE `roles` (
  `id` bigint(20) UNSIGNED NOT NULL,
  `name` varchar(255) NOT NULL,
  `display_name` varchar(255) NOT NULL,
  `guard_name` varchar(255) NOT NULL,
  `created_at` timestamp NULL DEFAULT NULL,
  `updated_at` timestamp NULL DEFAULT NULL
) ENGINE=InnoDB DEFAULT CHARSET=utf8mb4 COLLATE=utf8mb4_unicode_ci;

--
-- Dumping data for table `roles`
--

INSERT INTO `roles` (`id`, `name`, `display_name`, `guard_name`, `created_at`, `updated_at`) VALUES
(3, 'admin-products', 'ادمین محصولات', 'web', '2024-01-24 20:15:41', '2024-01-24 20:15:41'),
(4, 'admin-news', 'ادمین اخبار', 'web', '2024-01-24 20:16:15', '2024-01-24 20:16:15'),
(5, 'admin-articles', 'مدیریت مقالات', 'web', '2024-02-05 21:21:36', '2024-02-05 21:21:36'),
(6, 'admin-orders', 'ادمین سفارشات', 'web', '2024-02-05 21:22:24', '2024-02-05 21:22:24'),
(7, 'admin-general', 'مدیر عمومی', 'web', '2024-02-05 21:23:59', '2024-02-05 21:23:59'),
(8, 'admin-full', 'فول ادمین', 'web', '2024-02-05 21:25:09', '2024-02-05 21:25:09');

-- --------------------------------------------------------

--
-- Table structure for table `role_has_permissions`
--

CREATE TABLE `role_has_permissions` (
  `permission_id` bigint(20) UNSIGNED NOT NULL,
  `role_id` bigint(20) UNSIGNED NOT NULL
) ENGINE=InnoDB DEFAULT CHARSET=utf8mb4 COLLATE=utf8mb4_unicode_ci;

--
-- Dumping data for table `role_has_permissions`
--

INSERT INTO `role_has_permissions` (`permission_id`, `role_id`) VALUES
(10, 5),
(10, 8),
(11, 3),
(11, 6),
(11, 8),
(12, 4),
(12, 8),
(13, 6),
(13, 8),
(14, 7),
(14, 8),
(15, 3),
(15, 4),
(15, 5),
(15, 6),
(15, 7),
(15, 8),
(16, 8);

-- --------------------------------------------------------

--
-- Table structure for table `settings`
--

CREATE TABLE `settings` (
  `id` bigint(20) UNSIGNED NOT NULL,
  `address` varchar(255) NOT NULL,
  `telephone` varchar(255) NOT NULL,
  `telephone2` varchar(255) DEFAULT NULL,
  `instagram` varchar(255) DEFAULT NULL,
  `telegram` varchar(255) DEFAULT NULL,
  `github` varchar(255) DEFAULT NULL,
  `linkedin` varchar(255) DEFAULT NULL,
  `created_at` timestamp NULL DEFAULT NULL,
  `updated_at` timestamp NULL DEFAULT NULL
) ENGINE=InnoDB DEFAULT CHARSET=utf8mb4 COLLATE=utf8mb4_unicode_ci;

-- --------------------------------------------------------

--
-- Table structure for table `tags`
--

CREATE TABLE `tags` (
  `id` bigint(20) UNSIGNED NOT NULL,
  `name` varchar(255) NOT NULL,
  `created_at` timestamp NULL DEFAULT NULL,
  `updated_at` timestamp NULL DEFAULT NULL
) ENGINE=InnoDB DEFAULT CHARSET=utf8mb4 COLLATE=utf8mb4_unicode_ci;

--
-- Dumping data for table `tags`
--

INSERT INTO `tags` (`id`, `name`, `created_at`, `updated_at`) VALUES
(2, 'کنسول', '2023-08-01 10:23:51', '2023-08-01 10:23:51'),
(3, 'کنسول خانگی', '2023-08-01 10:25:22', '2023-08-12 23:40:24'),
(4, 'مایکروسافت', '2023-08-01 10:25:38', '2023-08-01 10:25:38'),
(5, 'سونی', '2023-08-01 10:25:43', '2023-08-01 10:25:43'),
(6, 'نسل نهم', '2023-08-01 10:25:54', '2023-08-01 10:25:54');

-- --------------------------------------------------------

--
-- Table structure for table `transactions`
--

CREATE TABLE `transactions` (
  `id` bigint(20) UNSIGNED NOT NULL,
  `user_id` bigint(20) UNSIGNED NOT NULL,
  `order_id` bigint(20) UNSIGNED NOT NULL,
  `amount` int(10) UNSIGNED NOT NULL,
  `ref_id` varchar(255) DEFAULT NULL,
  `token` varchar(255) NOT NULL,
  `description` text DEFAULT NULL,
  `getaway_name` enum('zarinpal','pay') NOT NULL,
  `status` tinyint(4) NOT NULL DEFAULT 0,
  `created_at` timestamp NULL DEFAULT NULL,
  `updated_at` timestamp NULL DEFAULT NULL
) ENGINE=InnoDB DEFAULT CHARSET=utf8mb4 COLLATE=utf8mb4_unicode_ci;

--
-- Dumping data for table `transactions`
--

INSERT INTO `transactions` (`id`, `user_id`, `order_id`, `amount`, `ref_id`, `token`, `description`, `getaway_name`, `status`, `created_at`, `updated_at`) VALUES
(7, 41, 5, 120120000, '64817', 'c5aZpJw', NULL, 'pay', 1, '2023-11-27 20:44:43', '2023-11-27 20:45:36'),
(8, 41, 6, 36700000, '64819', 'c5aZpJ4', NULL, 'pay', 1, '2023-11-27 20:53:58', '2023-11-27 20:54:24'),
(10, 41, 8, 630120000, NULL, 'c5aaqJs', NULL, 'pay', 0, '2023-11-28 11:59:38', '2023-11-28 11:59:38'),
(11, 41, 9, 630120000, '64957', 'c5aaqJw', NULL, 'pay', 1, '2023-11-28 12:00:08', '2023-11-28 12:00:11'),
(12, 41, 10, 57470000, '65108', 'c5eSo50', NULL, 'pay', 1, '2023-11-30 06:39:51', '2023-11-30 06:39:54'),
(13, 41, 11, 90370000, '65112', 'c5eSpJc', NULL, 'pay', 1, '2023-11-30 09:56:01', '2023-11-30 09:56:15');

-- --------------------------------------------------------

--
-- Table structure for table `users`
--

CREATE TABLE `users` (
  `id` bigint(20) UNSIGNED NOT NULL,
  `username` varchar(255) NOT NULL,
  `first_name` varchar(255) DEFAULT NULL,
  `last_name` varchar(255) DEFAULT NULL,
  `phone_number` varchar(255) DEFAULT NULL,
  `email` varchar(255) NOT NULL,
  `email_verified_at` timestamp NULL DEFAULT NULL,
  `password` varchar(255) NOT NULL,
  `two_factor_secret` text DEFAULT NULL,
  `two_factor_recovery_codes` text DEFAULT NULL,
  `two_factor_confirmed_at` timestamp NULL DEFAULT NULL,
  `avatar` varchar(255) NOT NULL DEFAULT 'avatar.png',
  `status` int(11) NOT NULL DEFAULT 1,
  `provider_name` varchar(255) DEFAULT NULL,
  `remember_token` varchar(100) DEFAULT NULL,
  `created_at` timestamp NULL DEFAULT NULL,
  `updated_at` timestamp NULL DEFAULT NULL
) ENGINE=InnoDB DEFAULT CHARSET=utf8mb4 COLLATE=utf8mb4_unicode_ci;

--
-- Dumping data for table `users`
--

INSERT INTO `users` (`id`, `username`, `first_name`, `last_name`, `phone_number`, `email`, `email_verified_at`, `password`, `two_factor_secret`, `two_factor_recovery_codes`, `two_factor_confirmed_at`, `avatar`, `status`, `provider_name`, `remember_token`, `created_at`, `updated_at`) VALUES
(41, 'MmdReza', 'محمدرضا', 'علیخانی', '9194729076', 'mmdreza.alikhani@gmail.com', '2024-01-14 14:17:39', '$2y$10$B6nMhSOzIuI2.TSS2tzj4OdXt2FDHjARGeo5Q0.bRxEBhAXiGG7Pu', NULL, NULL, NULL, '2024_2_18_20_2_21_262953_img_20201119_151828.png', 1, 'google', NULL, '2023-09-17 14:47:41', '2024-02-18 16:32:21'),
(44, 'Mohammadreza Seyedalikhani', 'Mohammadreza', 'Seyedalikhani', '9194729074', 'seyedalikhanimohammadreza@gmail.com', '2024-01-14 14:17:39', '$2y$10$HX0ntwawAJ9R3kvS9Hnl.uKNEkQJybW/FgWvtQLovSY2zi0XqwQ72', NULL, NULL, NULL, 'https://lh3.googleusercontent.com/a/ACg8ocLs8Fui880LpkYMVm0grOhq-c3kYCWCnZUTN_RfPGbewKo=s96-c', 0, 'google', NULL, '2024-01-14 14:17:39', '2024-02-10 16:31:43'),
(59, 'alireza', NULL, NULL, NULL, 'alireza@gmail.com', '2024-02-12 20:18:17', '$2y$10$utfTTjDybMoIUXyT65GRKObELIFiDub9Dh3G08SjlpP3qTf8HEIt6', NULL, NULL, NULL, 'avatar.png', 1, NULL, '77RiGDPrEMWObJzA4Z9LuRqR7tylH6H6lwrFyENgGpaCSOqhV6KiBBRf2dSR', '2024-02-11 14:28:16', '2024-02-13 18:00:21');

-- --------------------------------------------------------

--
-- Table structure for table `user_addresses`
--

CREATE TABLE `user_addresses` (
  `id` bigint(20) UNSIGNED NOT NULL,
  `title` varchar(255) NOT NULL,
  `address` varchar(255) NOT NULL,
  `postal_code` varchar(255) NOT NULL,
  `phone_number` varchar(255) NOT NULL,
  `user_id` bigint(20) UNSIGNED NOT NULL,
  `province_id` bigint(20) UNSIGNED NOT NULL,
  `city_id` bigint(20) UNSIGNED NOT NULL,
  `longitude` varchar(255) DEFAULT NULL,
  `latitude` varchar(255) DEFAULT NULL,
  `created_at` timestamp NULL DEFAULT NULL,
  `updated_at` timestamp NULL DEFAULT NULL
) ENGINE=InnoDB DEFAULT CHARSET=utf8mb4 COLLATE=utf8mb4_unicode_ci;

--
-- Dumping data for table `user_addresses`
--

INSERT INTO `user_addresses` (`id`, `title`, `address`, `postal_code`, `phone_number`, `user_id`, `province_id`, `city_id`, `longitude`, `latitude`, `created_at`, `updated_at`) VALUES
(9, 'خانه', 'مهرشهر.فاز یک.خ 105.خ فرعی7', '1619735744', '+989194729075', 41, 3, 133, NULL, NULL, '2023-10-13 01:24:24', '2023-10-13 01:25:03'),
(10, 'محل کار', 'بقققققققققققققققققققققق', '1619735744', '+989173456789', 41, 5, 163, NULL, NULL, '2023-10-13 06:27:44', '2023-10-13 06:27:44');

-- --------------------------------------------------------

--
-- Table structure for table `user_coupons`
--

CREATE TABLE `user_coupons` (
  `id` bigint(20) UNSIGNED NOT NULL,
  `name` varchar(255) NOT NULL,
  `code` varchar(255) NOT NULL,
  `type` enum('amount','percentage') NOT NULL,
  `amount` int(10) UNSIGNED DEFAULT NULL,
  `percentage` int(10) UNSIGNED DEFAULT NULL,
  `max_percentage_amount` int(10) UNSIGNED DEFAULT NULL,
  `expired_at` timestamp NOT NULL DEFAULT current_timestamp() ON UPDATE current_timestamp(),
  `description` text DEFAULT NULL,
  `created_at` timestamp NULL DEFAULT NULL,
  `updated_at` timestamp NULL DEFAULT NULL
) ENGINE=InnoDB DEFAULT CHARSET=utf8mb4 COLLATE=utf8mb4_unicode_ci;

-- --------------------------------------------------------

--
-- Table structure for table `wishlist`
--

CREATE TABLE `wishlist` (
  `user_id` bigint(20) UNSIGNED NOT NULL,
  `product_id` bigint(20) UNSIGNED NOT NULL,
  `created_at` timestamp NULL DEFAULT NULL,
  `updated_at` timestamp NULL DEFAULT NULL
) ENGINE=InnoDB DEFAULT CHARSET=utf8mb4 COLLATE=utf8mb4_unicode_ci;

--
-- Dumping data for table `wishlist`
--

INSERT INTO `wishlist` (`user_id`, `product_id`, `created_at`, `updated_at`) VALUES
(41, 13, '2024-02-10 12:03:55', '2024-02-10 12:03:55'),
(41, 15, '2024-02-10 12:03:49', '2024-02-10 12:03:49'),
(59, 15, '2024-02-11 14:28:44', '2024-02-11 14:28:44');

--
-- Indexes for dumped tables
--

--
-- Indexes for table `articles`
--
ALTER TABLE `articles`
  ADD PRIMARY KEY (`id`),
  ADD UNIQUE KEY `articles_slug_unique` (`slug`),
  ADD KEY `articles_user_id_foreign` (`user_id`);

--
-- Indexes for table `article_tag`
--
ALTER TABLE `article_tag`
  ADD PRIMARY KEY (`tag_id`,`article_id`),
  ADD KEY `article_tag_article_id_foreign` (`article_id`);

--
-- Indexes for table `attributes`
--
ALTER TABLE `attributes`
  ADD PRIMARY KEY (`id`);

--
-- Indexes for table `attribute_category`
--
ALTER TABLE `attribute_category`
  ADD PRIMARY KEY (`attribute_id`,`category_id`),
  ADD KEY `attribute_category_category_id_foreign` (`category_id`);

--
-- Indexes for table `banners`
--
ALTER TABLE `banners`
  ADD PRIMARY KEY (`id`);

--
-- Indexes for table `brands`
--
ALTER TABLE `brands`
  ADD PRIMARY KEY (`id`),
  ADD UNIQUE KEY `brands_slug_unique` (`slug`);

--
-- Indexes for table `categories`
--
ALTER TABLE `categories`
  ADD PRIMARY KEY (`id`),
  ADD UNIQUE KEY `categories_slug_unique` (`slug`);

--
-- Indexes for table `cities`
--
ALTER TABLE `cities`
  ADD PRIMARY KEY (`id`),
  ADD KEY `cities_province_id_foreign` (`province_id`);

--
-- Indexes for table `comments`
--
ALTER TABLE `comments`
  ADD PRIMARY KEY (`id`),
  ADD KEY `comments_user_id_foreign` (`user_id`),
  ADD KEY `comments_product_id_foreign` (`product_id`),
  ADD KEY `comments_article_id_foreign` (`article_id`),
  ADD KEY `comments_news_id_foreign` (`news_id`);

--
-- Indexes for table `contact_us`
--
ALTER TABLE `contact_us`
  ADD PRIMARY KEY (`id`);

--
-- Indexes for table `coupons`
--
ALTER TABLE `coupons`
  ADD PRIMARY KEY (`id`);

--
-- Indexes for table `failed_jobs`
--
ALTER TABLE `failed_jobs`
  ADD PRIMARY KEY (`id`),
  ADD UNIQUE KEY `failed_jobs_uuid_unique` (`uuid`);

--
-- Indexes for table `migrations`
--
ALTER TABLE `migrations`
  ADD PRIMARY KEY (`id`);

--
-- Indexes for table `model_has_permissions`
--
ALTER TABLE `model_has_permissions`
  ADD PRIMARY KEY (`permission_id`,`model_id`,`model_type`),
  ADD KEY `model_has_permissions_model_id_model_type_index` (`model_id`,`model_type`);

--
-- Indexes for table `model_has_roles`
--
ALTER TABLE `model_has_roles`
  ADD PRIMARY KEY (`role_id`,`model_id`,`model_type`),
  ADD KEY `model_has_roles_model_id_model_type_index` (`model_id`,`model_type`);

--
-- Indexes for table `news`
--
ALTER TABLE `news`
  ADD PRIMARY KEY (`id`),
  ADD UNIQUE KEY `news_slug_unique` (`slug`),
  ADD KEY `news_user_id_foreign` (`user_id`);

--
-- Indexes for table `news_tag`
--
ALTER TABLE `news_tag`
  ADD PRIMARY KEY (`tag_id`,`news_id`),
  ADD KEY `news_tag_news_id_foreign` (`news_id`);

--
-- Indexes for table `orders`
--
ALTER TABLE `orders`
  ADD PRIMARY KEY (`id`),
  ADD KEY `orders_user_id_foreign` (`user_id`),
  ADD KEY `orders_address_id_foreign` (`address_id`),
  ADD KEY `orders_coupon_id_foreign` (`coupon_id`);

--
-- Indexes for table `order_items`
--
ALTER TABLE `order_items`
  ADD PRIMARY KEY (`id`),
  ADD KEY `order_items_order_id_foreign` (`order_id`),
  ADD KEY `order_items_product_id_foreign` (`product_id`),
  ADD KEY `order_items_product_variation_id_foreign` (`product_variation_id`);

--
-- Indexes for table `password_reset_tokens`
--
ALTER TABLE `password_reset_tokens`
  ADD PRIMARY KEY (`email`);

--
-- Indexes for table `permissions`
--
ALTER TABLE `permissions`
  ADD PRIMARY KEY (`id`),
  ADD UNIQUE KEY `permissions_name_guard_name_unique` (`name`,`guard_name`);

--
-- Indexes for table `personal_access_tokens`
--
ALTER TABLE `personal_access_tokens`
  ADD PRIMARY KEY (`id`),
  ADD UNIQUE KEY `personal_access_tokens_token_unique` (`token`),
  ADD KEY `personal_access_tokens_tokenable_type_tokenable_id_index` (`tokenable_type`,`tokenable_id`);

--
-- Indexes for table `platforms`
--
ALTER TABLE `platforms`
  ADD PRIMARY KEY (`id`),
  ADD UNIQUE KEY `platforms_slug_unique` (`slug`);

--
-- Indexes for table `products`
--
ALTER TABLE `products`
  ADD PRIMARY KEY (`id`),
  ADD UNIQUE KEY `products_slug_unique` (`slug`),
  ADD KEY `products_brand_id_foreign` (`brand_id`),
  ADD KEY `products_category_id_foreign` (`category_id`),
  ADD KEY `products_platform_id_foreign` (`platform_id`);

--
-- Indexes for table `product_attributes`
--
ALTER TABLE `product_attributes`
  ADD PRIMARY KEY (`id`),
  ADD KEY `product_attributes_attribute_id_foreign` (`attribute_id`),
  ADD KEY `product_attributes_product_id_foreign` (`product_id`);

--
-- Indexes for table `product_images`
--
ALTER TABLE `product_images`
  ADD PRIMARY KEY (`id`),
  ADD KEY `product_images_product_id_foreign` (`product_id`);

--
-- Indexes for table `product_rates`
--
ALTER TABLE `product_rates`
  ADD PRIMARY KEY (`id`),
  ADD KEY `product_rates_user_id_foreign` (`user_id`),
  ADD KEY `product_rates_product_id_foreign` (`product_id`);

--
-- Indexes for table `product_tag`
--
ALTER TABLE `product_tag`
  ADD PRIMARY KEY (`tag_id`,`product_id`),
  ADD KEY `product_tag_product_id_foreign` (`product_id`);

--
-- Indexes for table `product_variations`
--
ALTER TABLE `product_variations`
  ADD PRIMARY KEY (`id`),
  ADD KEY `product_variations_attribute_id_foreign` (`attribute_id`),
  ADD KEY `product_variations_product_id_foreign` (`product_id`);

--
-- Indexes for table `provinces`
--
ALTER TABLE `provinces`
  ADD PRIMARY KEY (`id`);

--
-- Indexes for table `roles`
--
ALTER TABLE `roles`
  ADD PRIMARY KEY (`id`),
  ADD UNIQUE KEY `roles_name_guard_name_unique` (`name`,`guard_name`);

--
-- Indexes for table `role_has_permissions`
--
ALTER TABLE `role_has_permissions`
  ADD PRIMARY KEY (`permission_id`,`role_id`),
  ADD KEY `role_has_permissions_role_id_foreign` (`role_id`);

--
-- Indexes for table `settings`
--
ALTER TABLE `settings`
  ADD PRIMARY KEY (`id`);

--
-- Indexes for table `tags`
--
ALTER TABLE `tags`
  ADD PRIMARY KEY (`id`);

--
-- Indexes for table `transactions`
--
ALTER TABLE `transactions`
  ADD PRIMARY KEY (`id`),
  ADD KEY `transactions_user_id_foreign` (`user_id`),
  ADD KEY `transactions_order_id_foreign` (`order_id`);

--
-- Indexes for table `users`
--
ALTER TABLE `users`
  ADD PRIMARY KEY (`id`),
  ADD UNIQUE KEY `users_email_unique` (`email`),
  ADD UNIQUE KEY `name` (`username`),
  ADD UNIQUE KEY `username` (`username`),
  ADD UNIQUE KEY `phone_number` (`phone_number`);

--
-- Indexes for table `user_addresses`
--
ALTER TABLE `user_addresses`
  ADD PRIMARY KEY (`id`),
  ADD KEY `user_addresses_user_id_foreign` (`user_id`),
  ADD KEY `user_addresses_province_id_foreign` (`province_id`),
  ADD KEY `user_addresses_city_id_foreign` (`city_id`);

--
-- Indexes for table `user_coupons`
--
ALTER TABLE `user_coupons`
  ADD PRIMARY KEY (`id`);

--
-- Indexes for table `wishlist`
--
ALTER TABLE `wishlist`
  ADD PRIMARY KEY (`user_id`,`product_id`),
  ADD KEY `wishlist_product_id_foreign` (`product_id`);

--
-- AUTO_INCREMENT for dumped tables
--

--
-- AUTO_INCREMENT for table `articles`
--
ALTER TABLE `articles`
  MODIFY `id` bigint(20) UNSIGNED NOT NULL AUTO_INCREMENT, AUTO_INCREMENT=4;

--
-- AUTO_INCREMENT for table `attributes`
--
ALTER TABLE `attributes`
  MODIFY `id` bigint(20) UNSIGNED NOT NULL AUTO_INCREMENT, AUTO_INCREMENT=23;

--
-- AUTO_INCREMENT for table `banners`
--
ALTER TABLE `banners`
  MODIFY `id` bigint(20) UNSIGNED NOT NULL AUTO_INCREMENT, AUTO_INCREMENT=8;

--
-- AUTO_INCREMENT for table `brands`
--
ALTER TABLE `brands`
  MODIFY `id` bigint(20) UNSIGNED NOT NULL AUTO_INCREMENT, AUTO_INCREMENT=39;

--
-- AUTO_INCREMENT for table `categories`
--
ALTER TABLE `categories`
  MODIFY `id` bigint(20) UNSIGNED NOT NULL AUTO_INCREMENT, AUTO_INCREMENT=31;

--
-- AUTO_INCREMENT for table `cities`
--
ALTER TABLE `cities`
  MODIFY `id` bigint(20) UNSIGNED NOT NULL AUTO_INCREMENT, AUTO_INCREMENT=1185;

--
-- AUTO_INCREMENT for table `comments`
--
ALTER TABLE `comments`
  MODIFY `id` bigint(20) UNSIGNED NOT NULL AUTO_INCREMENT, AUTO_INCREMENT=13;

--
-- AUTO_INCREMENT for table `contact_us`
--
ALTER TABLE `contact_us`
  MODIFY `id` bigint(20) UNSIGNED NOT NULL AUTO_INCREMENT;

--
-- AUTO_INCREMENT for table `coupons`
--
ALTER TABLE `coupons`
  MODIFY `id` bigint(20) UNSIGNED NOT NULL AUTO_INCREMENT, AUTO_INCREMENT=3;

--
-- AUTO_INCREMENT for table `failed_jobs`
--
ALTER TABLE `failed_jobs`
  MODIFY `id` bigint(20) UNSIGNED NOT NULL AUTO_INCREMENT;

--
-- AUTO_INCREMENT for table `migrations`
--
ALTER TABLE `migrations`
  MODIFY `id` int(10) UNSIGNED NOT NULL AUTO_INCREMENT, AUTO_INCREMENT=48;

--
-- AUTO_INCREMENT for table `news`
--
ALTER TABLE `news`
  MODIFY `id` bigint(20) UNSIGNED NOT NULL AUTO_INCREMENT, AUTO_INCREMENT=2;

--
-- AUTO_INCREMENT for table `orders`
--
ALTER TABLE `orders`
  MODIFY `id` bigint(20) UNSIGNED NOT NULL AUTO_INCREMENT, AUTO_INCREMENT=12;

--
-- AUTO_INCREMENT for table `order_items`
--
ALTER TABLE `order_items`
  MODIFY `id` bigint(20) UNSIGNED NOT NULL AUTO_INCREMENT, AUTO_INCREMENT=21;

--
-- AUTO_INCREMENT for table `permissions`
--
ALTER TABLE `permissions`
  MODIFY `id` bigint(20) UNSIGNED NOT NULL AUTO_INCREMENT, AUTO_INCREMENT=17;

--
-- AUTO_INCREMENT for table `personal_access_tokens`
--
ALTER TABLE `personal_access_tokens`
  MODIFY `id` bigint(20) UNSIGNED NOT NULL AUTO_INCREMENT;

--
-- AUTO_INCREMENT for table `platforms`
--
ALTER TABLE `platforms`
  MODIFY `id` bigint(20) UNSIGNED NOT NULL AUTO_INCREMENT, AUTO_INCREMENT=11;

--
-- AUTO_INCREMENT for table `products`
--
ALTER TABLE `products`
  MODIFY `id` bigint(20) UNSIGNED NOT NULL AUTO_INCREMENT, AUTO_INCREMENT=18;

--
-- AUTO_INCREMENT for table `product_attributes`
--
ALTER TABLE `product_attributes`
  MODIFY `id` bigint(20) UNSIGNED NOT NULL AUTO_INCREMENT, AUTO_INCREMENT=98;

--
-- AUTO_INCREMENT for table `product_images`
--
ALTER TABLE `product_images`
  MODIFY `id` bigint(20) UNSIGNED NOT NULL AUTO_INCREMENT, AUTO_INCREMENT=65;

--
-- AUTO_INCREMENT for table `product_rates`
--
ALTER TABLE `product_rates`
  MODIFY `id` bigint(20) UNSIGNED NOT NULL AUTO_INCREMENT, AUTO_INCREMENT=3;

--
-- AUTO_INCREMENT for table `product_variations`
--
ALTER TABLE `product_variations`
  MODIFY `id` bigint(20) UNSIGNED NOT NULL AUTO_INCREMENT, AUTO_INCREMENT=42;

--
-- AUTO_INCREMENT for table `provinces`
--
ALTER TABLE `provinces`
  MODIFY `id` bigint(20) UNSIGNED NOT NULL AUTO_INCREMENT, AUTO_INCREMENT=32;

--
-- AUTO_INCREMENT for table `roles`
--
ALTER TABLE `roles`
  MODIFY `id` bigint(20) UNSIGNED NOT NULL AUTO_INCREMENT, AUTO_INCREMENT=9;

--
-- AUTO_INCREMENT for table `settings`
--
ALTER TABLE `settings`
  MODIFY `id` bigint(20) UNSIGNED NOT NULL AUTO_INCREMENT;

--
-- AUTO_INCREMENT for table `tags`
--
ALTER TABLE `tags`
  MODIFY `id` bigint(20) UNSIGNED NOT NULL AUTO_INCREMENT, AUTO_INCREMENT=11;

--
-- AUTO_INCREMENT for table `transactions`
--
ALTER TABLE `transactions`
  MODIFY `id` bigint(20) UNSIGNED NOT NULL AUTO_INCREMENT, AUTO_INCREMENT=14;

--
-- AUTO_INCREMENT for table `users`
--
ALTER TABLE `users`
  MODIFY `id` bigint(20) UNSIGNED NOT NULL AUTO_INCREMENT, AUTO_INCREMENT=60;

--
-- AUTO_INCREMENT for table `user_addresses`
--
ALTER TABLE `user_addresses`
  MODIFY `id` bigint(20) UNSIGNED NOT NULL AUTO_INCREMENT, AUTO_INCREMENT=11;

--
-- AUTO_INCREMENT for table `user_coupons`
--
ALTER TABLE `user_coupons`
  MODIFY `id` bigint(20) UNSIGNED NOT NULL AUTO_INCREMENT;

--
-- Constraints for dumped tables
--

--
-- Constraints for table `articles`
--
ALTER TABLE `articles`
  ADD CONSTRAINT `articles_user_id_foreign` FOREIGN KEY (`user_id`) REFERENCES `users` (`id`) ON DELETE CASCADE;

--
-- Constraints for table `article_tag`
--
ALTER TABLE `article_tag`
  ADD CONSTRAINT `article_tag_article_id_foreign` FOREIGN KEY (`article_id`) REFERENCES `articles` (`id`) ON DELETE CASCADE,
  ADD CONSTRAINT `article_tag_tag_id_foreign` FOREIGN KEY (`tag_id`) REFERENCES `tags` (`id`) ON DELETE CASCADE;

--
-- Constraints for table `attribute_category`
--
ALTER TABLE `attribute_category`
  ADD CONSTRAINT `attribute_category_attribute_id_foreign` FOREIGN KEY (`attribute_id`) REFERENCES `attributes` (`id`) ON DELETE CASCADE,
  ADD CONSTRAINT `attribute_category_category_id_foreign` FOREIGN KEY (`category_id`) REFERENCES `categories` (`id`) ON DELETE CASCADE;

--
-- Constraints for table `cities`
--
ALTER TABLE `cities`
  ADD CONSTRAINT `cities_province_id_foreign` FOREIGN KEY (`province_id`) REFERENCES `provinces` (`id`) ON DELETE CASCADE;

--
-- Constraints for table `comments`
--
ALTER TABLE `comments`
  ADD CONSTRAINT `comments_article_id_foreign` FOREIGN KEY (`article_id`) REFERENCES `articles` (`id`) ON DELETE CASCADE,
  ADD CONSTRAINT `comments_news_id_foreign` FOREIGN KEY (`news_id`) REFERENCES `news` (`id`) ON DELETE CASCADE,
  ADD CONSTRAINT `comments_product_id_foreign` FOREIGN KEY (`product_id`) REFERENCES `products` (`id`) ON DELETE CASCADE,
  ADD CONSTRAINT `comments_user_id_foreign` FOREIGN KEY (`user_id`) REFERENCES `users` (`id`) ON DELETE CASCADE;

--
-- Constraints for table `model_has_permissions`
--
ALTER TABLE `model_has_permissions`
  ADD CONSTRAINT `model_has_permissions_permission_id_foreign` FOREIGN KEY (`permission_id`) REFERENCES `permissions` (`id`) ON DELETE CASCADE;

--
-- Constraints for table `model_has_roles`
--
ALTER TABLE `model_has_roles`
  ADD CONSTRAINT `model_has_roles_role_id_foreign` FOREIGN KEY (`role_id`) REFERENCES `roles` (`id`) ON DELETE CASCADE;

--
-- Constraints for table `news`
--
ALTER TABLE `news`
  ADD CONSTRAINT `news_user_id_foreign` FOREIGN KEY (`user_id`) REFERENCES `users` (`id`) ON DELETE CASCADE;

--
-- Constraints for table `news_tag`
--
ALTER TABLE `news_tag`
  ADD CONSTRAINT `news_tag_news_id_foreign` FOREIGN KEY (`news_id`) REFERENCES `news` (`id`) ON DELETE CASCADE,
  ADD CONSTRAINT `news_tag_tag_id_foreign` FOREIGN KEY (`tag_id`) REFERENCES `tags` (`id`) ON DELETE CASCADE;

--
-- Constraints for table `orders`
--
ALTER TABLE `orders`
  ADD CONSTRAINT `orders_address_id_foreign` FOREIGN KEY (`address_id`) REFERENCES `user_addresses` (`id`) ON DELETE CASCADE,
  ADD CONSTRAINT `orders_coupon_id_foreign` FOREIGN KEY (`coupon_id`) REFERENCES `coupons` (`id`) ON DELETE CASCADE,
  ADD CONSTRAINT `orders_user_id_foreign` FOREIGN KEY (`user_id`) REFERENCES `users` (`id`) ON DELETE CASCADE;

--
-- Constraints for table `order_items`
--
ALTER TABLE `order_items`
  ADD CONSTRAINT `order_items_order_id_foreign` FOREIGN KEY (`order_id`) REFERENCES `orders` (`id`) ON DELETE CASCADE,
  ADD CONSTRAINT `order_items_product_id_foreign` FOREIGN KEY (`product_id`) REFERENCES `products` (`id`) ON DELETE CASCADE,
  ADD CONSTRAINT `order_items_product_variation_id_foreign` FOREIGN KEY (`product_variation_id`) REFERENCES `product_variations` (`id`) ON DELETE CASCADE;

--
-- Constraints for table `products`
--
ALTER TABLE `products`
  ADD CONSTRAINT `products_brand_id_foreign` FOREIGN KEY (`brand_id`) REFERENCES `brands` (`id`) ON DELETE CASCADE,
  ADD CONSTRAINT `products_category_id_foreign` FOREIGN KEY (`category_id`) REFERENCES `categories` (`id`) ON DELETE CASCADE,
  ADD CONSTRAINT `products_platform_id_foreign` FOREIGN KEY (`platform_id`) REFERENCES `platforms` (`id`) ON DELETE CASCADE;

--
-- Constraints for table `product_attributes`
--
ALTER TABLE `product_attributes`
  ADD CONSTRAINT `product_attributes_attribute_id_foreign` FOREIGN KEY (`attribute_id`) REFERENCES `attributes` (`id`) ON DELETE CASCADE,
  ADD CONSTRAINT `product_attributes_product_id_foreign` FOREIGN KEY (`product_id`) REFERENCES `products` (`id`) ON DELETE CASCADE;

--
-- Constraints for table `product_images`
--
ALTER TABLE `product_images`
  ADD CONSTRAINT `product_images_product_id_foreign` FOREIGN KEY (`product_id`) REFERENCES `products` (`id`) ON DELETE CASCADE;

--
-- Constraints for table `product_rates`
--
ALTER TABLE `product_rates`
  ADD CONSTRAINT `product_rates_product_id_foreign` FOREIGN KEY (`product_id`) REFERENCES `products` (`id`) ON DELETE CASCADE,
  ADD CONSTRAINT `product_rates_user_id_foreign` FOREIGN KEY (`user_id`) REFERENCES `users` (`id`) ON DELETE CASCADE;

--
-- Constraints for table `product_tag`
--
ALTER TABLE `product_tag`
  ADD CONSTRAINT `product_tag_product_id_foreign` FOREIGN KEY (`product_id`) REFERENCES `products` (`id`) ON DELETE CASCADE,
  ADD CONSTRAINT `product_tag_tag_id_foreign` FOREIGN KEY (`tag_id`) REFERENCES `tags` (`id`) ON DELETE CASCADE;

--
-- Constraints for table `product_variations`
--
ALTER TABLE `product_variations`
  ADD CONSTRAINT `product_variations_attribute_id_foreign` FOREIGN KEY (`attribute_id`) REFERENCES `attributes` (`id`) ON DELETE CASCADE,
  ADD CONSTRAINT `product_variations_product_id_foreign` FOREIGN KEY (`product_id`) REFERENCES `products` (`id`) ON DELETE CASCADE;

--
-- Constraints for table `role_has_permissions`
--
ALTER TABLE `role_has_permissions`
  ADD CONSTRAINT `role_has_permissions_permission_id_foreign` FOREIGN KEY (`permission_id`) REFERENCES `permissions` (`id`) ON DELETE CASCADE,
  ADD CONSTRAINT `role_has_permissions_role_id_foreign` FOREIGN KEY (`role_id`) REFERENCES `roles` (`id`) ON DELETE CASCADE;

--
-- Constraints for table `transactions`
--
ALTER TABLE `transactions`
  ADD CONSTRAINT `transactions_order_id_foreign` FOREIGN KEY (`order_id`) REFERENCES `orders` (`id`) ON DELETE CASCADE,
  ADD CONSTRAINT `transactions_user_id_foreign` FOREIGN KEY (`user_id`) REFERENCES `users` (`id`) ON DELETE CASCADE;

--
-- Constraints for table `user_addresses`
--
ALTER TABLE `user_addresses`
  ADD CONSTRAINT `user_addresses_city_id_foreign` FOREIGN KEY (`city_id`) REFERENCES `cities` (`id`) ON DELETE CASCADE,
  ADD CONSTRAINT `user_addresses_province_id_foreign` FOREIGN KEY (`province_id`) REFERENCES `provinces` (`id`) ON DELETE CASCADE,
  ADD CONSTRAINT `user_addresses_user_id_foreign` FOREIGN KEY (`user_id`) REFERENCES `users` (`id`) ON DELETE CASCADE;

--
-- Constraints for table `wishlist`
--
ALTER TABLE `wishlist`
  ADD CONSTRAINT `wishlist_product_id_foreign` FOREIGN KEY (`product_id`) REFERENCES `products` (`id`) ON DELETE CASCADE,
  ADD CONSTRAINT `wishlist_user_id_foreign` FOREIGN KEY (`user_id`) REFERENCES `users` (`id`) ON DELETE CASCADE;
COMMIT;

/*!40101 SET CHARACTER_SET_CLIENT=@OLD_CHARACTER_SET_CLIENT */;
/*!40101 SET CHARACTER_SET_RESULTS=@OLD_CHARACTER_SET_RESULTS */;
/*!40101 SET COLLATION_CONNECTION=@OLD_COLLATION_CONNECTION */;
